78495383450e02c5fe817e408726134b3084905d	86e87db2dab958f1bd5877dc7d5b8105d6e31e46	12.66153336	1
78495383450e02c5fe817e408726134b3084905d	f2ab0a2aa4177dd267c3c6cc37c7ad0e33c2cdbf	11.15186977	2
78495383450e02c5fe817e408726134b3084905d	3978e9f794174c7a2700b20193c071a7b1532b22	10.57231045	3
78495383450e02c5fe817e408726134b3084905d	3fe910b1360a77f50f73c2e82e654b6028072826	10.54808235	4
78495383450e02c5fe817e408726134b3084905d	04649bf1d35f05771fbd1b98af64e29d26cb4c7f	10.45788765	5
7dcb308b9292a8bc87d6f7793d2ca5e0e19dfa40	1c2cd3188fba95d1bccdcc013224ec55443075d0	13.36652565	1
7dcb308b9292a8bc87d6f7793d2ca5e0e19dfa40	5884bb205781106c7bb970533cf61a6074e2c7bb	12.95725632	2
7dcb308b9292a8bc87d6f7793d2ca5e0e19dfa40	afe45eea3e954805df2dac45b55726773d221f1b	12.41525364	3
7dcb308b9292a8bc87d6f7793d2ca5e0e19dfa40	e18fa8c8f402c483b2c3eaaa89192fe99e80abd5	12.21926498	4
7dcb308b9292a8bc87d6f7793d2ca5e0e19dfa40	79ccfb918bf0b6ccbe83b552e1b8266eb05e8f53	11.98469925	5
8c872ecd87945e71fcd9fa1b6cb1133cfe805bf2	69150ca557440b1cb384505e26e8144306159308	9.59621811	1
8c872ecd87945e71fcd9fa1b6cb1133cfe805bf2	2b4916a48ad3e1f5559700829297a244c54f4e9b	9.55692101	2
8c872ecd87945e71fcd9fa1b6cb1133cfe805bf2	2ca425f88e70241daff3a6d717313a470be0fabc	9.41991806	3
8c872ecd87945e71fcd9fa1b6cb1133cfe805bf2	b0232b47186aa4fc50cc1d4698f9451764daa660	9.27384186	4
8c872ecd87945e71fcd9fa1b6cb1133cfe805bf2	ce484d7a889fb3b0fa455086af0bfa453c5ec3db	9.26719093	5
3a63667284dc8b9687ed1620406030bfe39af3c9	bf07d60ba6d6c6b8cabab72dfce06f203782df8f	13.56804466	1
3a63667284dc8b9687ed1620406030bfe39af3c9	5d5385eadf98c38a1b943b1b07bc677d1910d69d	12.44349575	2
3a63667284dc8b9687ed1620406030bfe39af3c9	ef8ae1effca9cd45677086034d8c7b06a69c03e5	12.26671028	3
3a63667284dc8b9687ed1620406030bfe39af3c9	44d26f78bcdee04a14896c8c6f3681313402d854	12.21892548	4
3a63667284dc8b9687ed1620406030bfe39af3c9	e6334789ec6d43664f8f164a462461a4408243ba	12.03981972	5
071f47b7bc5830643e31dbed82e0375bf9b26559	ca56018ed7042d8528b5a7cd8f332c5737b53b1f	12.80470657	1
071f47b7bc5830643e31dbed82e0375bf9b26559	37b0f219c1f2fbc4b432b24a5fe91dd733f19b7f	12.28708076	2
071f47b7bc5830643e31dbed82e0375bf9b26559	59407446503d49a8cf5f5643b17502835b62f139	11.91757774	3
071f47b7bc5830643e31dbed82e0375bf9b26559	076945bc9fe2000208d6809af1699ac04e6ccee6	11.86603546	4
071f47b7bc5830643e31dbed82e0375bf9b26559	11157109b8f3a098c5c3f801ba9acbffd2aa49b1	11.44555855	5
ee9596725d1db17f2b1e2207dd3ea260343bfe4f	024e394f00b43e7f44f8d0c641c584b6d7edf7d6	7.46446419	1
ee9596725d1db17f2b1e2207dd3ea260343bfe4f	1e7e4d2b2be08c01f1347dee53e99473d2a9e83d	7.44608784	2
ee9596725d1db17f2b1e2207dd3ea260343bfe4f	b9acc402f77a2897314c1dcfafec0f5eb6ac1666	7.24424648	3
ee9596725d1db17f2b1e2207dd3ea260343bfe4f	d8b69a91ff70de099aeaee3b448ef02f889f3faf	7.13547802	4
ee9596725d1db17f2b1e2207dd3ea260343bfe4f	e288b9206dffbdb45f18ff611393e976be42282a	7.13044167	5
a65196dfff31425281c690a7f2ca65247147da6b	6b4da897dce4d6636670a83b64612f16b7487637	12.86997795	1
a65196dfff31425281c690a7f2ca65247147da6b	325d145af5f38943e469da6369ab26883a3fd69e	12.74636269	2
a65196dfff31425281c690a7f2ca65247147da6b	8915a82752ecf8fc762fb48362decd06429177ee	12.24681664	3
a65196dfff31425281c690a7f2ca65247147da6b	110ee8ab8f652c16fcc3bb767687e1c695c2500b	12.08133125	4
a65196dfff31425281c690a7f2ca65247147da6b	017ee86aa9be09284a2e07c9200192ab3bea9671	12.06308365	5
a04b5b99f5d9d8748843e870536a4a9f65562012	b2bad87690428fc5479d2d63ed928ab68449c672	12.78627396	1
a04b5b99f5d9d8748843e870536a4a9f65562012	8a74e166e96eca6db7a45b84d85a6b4181cf3516	12.63362885	2
a04b5b99f5d9d8748843e870536a4a9f65562012	055d55726d45406a6f115c4d26f510bade021be3	12.53167343	3
a04b5b99f5d9d8748843e870536a4a9f65562012	95240b1df285f86a1bd9df1daaf6140ef46f0fcb	12.43875504	4
a04b5b99f5d9d8748843e870536a4a9f65562012	1d3c0e77cdcb3d8adbd803503d847bd5f82e9503	12.35635567	5
de8e80d409aaaa3244da4f2cb5b5bb053d453cee	42eaf468b9b50768bf61166f39d06f05b53d6902	15.10332108	1
de8e80d409aaaa3244da4f2cb5b5bb053d453cee	13f29041672d9877e59546624b2135d4e41bb1e7	15.07954025	2
de8e80d409aaaa3244da4f2cb5b5bb053d453cee	a10d128fd95710308dfee83953c5b26293b9ede7	14.99063492	3
de8e80d409aaaa3244da4f2cb5b5bb053d453cee	76a72e8b93a64f14ada2bb3b76b76b7cd89923f7	14.60847664	4
de8e80d409aaaa3244da4f2cb5b5bb053d453cee	686fb884072b323d6bd365bdee1df894ee996758	14.53544617	5
ae0fb9c6ebb8ce12610c477d2388447a13dc4694	59df762d90a797d6f57c5d4573934f9d07ed3195	10.41567516	1
ae0fb9c6ebb8ce12610c477d2388447a13dc4694	d95a8c90256a4f3008e3b1b8d089e5fbf46eb5e8	10.34854126	2
ae0fb9c6ebb8ce12610c477d2388447a13dc4694	e11d5a4edec55f5d5dc8ea25621ecbf89e9bccb7	10.04602909	3
ae0fb9c6ebb8ce12610c477d2388447a13dc4694	32b7c6bf94dc64ca7e64cb2daa1fdad4058912ae	9.42057419	4
ae0fb9c6ebb8ce12610c477d2388447a13dc4694	d59371687d9b783ff29ebc8eb9edc9e26b5141c4	9.41193008	5
648678f1edab0d2139958070744b826d2b24c79e	7c459c36e19629ff0dfb4bd0e541cc5d2d3f03e0	7.08598137	1
648678f1edab0d2139958070744b826d2b24c79e	4d6e01f9251d9cd783d5efcea4e460ea1f0dbcad	6.77097797	2
648678f1edab0d2139958070744b826d2b24c79e	4ba9a40e2bfccbbff61e7937b02480784b627079	6.64438057	3
648678f1edab0d2139958070744b826d2b24c79e	10466df2b511239674d8487101229193c011a657	6.55045605	4
648678f1edab0d2139958070744b826d2b24c79e	bf003bb2d52304fea114d824bc0bf7bfbc7c3106	6.38209486	5
8a6080396fa7195c7c627bea4b2aeeb9ca39b5f8	d8455a1c020af245e2c6a21d39079a2d19aa11e6	11.42301750	1
8a6080396fa7195c7c627bea4b2aeeb9ca39b5f8	647cdaae2cfc707a93a137f38ec572d08d8dd3d3	11.02382660	2
8a6080396fa7195c7c627bea4b2aeeb9ca39b5f8	38dc4cf97af1232fd85e68b6f01bfd7d5be1bea4	10.98027420	3
8a6080396fa7195c7c627bea4b2aeeb9ca39b5f8	37f133901021b8f2183158ded92595cb1fa9a19b	10.95012093	4
8a6080396fa7195c7c627bea4b2aeeb9ca39b5f8	504054b182fc4d028c430e74a51b2d6ac2c43f64	10.90854454	5
4715401473dca02ebaa5bdd4d4003705ed91c380	5e86853f533c88a1996455d955a2e20ac47b3878	12.65295982	1
4715401473dca02ebaa5bdd4d4003705ed91c380	1345c39bea4802e20cc7e3adbc3e3287c1839c8a	12.02801704	2
4715401473dca02ebaa5bdd4d4003705ed91c380	5fb1285e05bbd78d0094fe8061c644ea09d9da8d	11.74964142	3
4715401473dca02ebaa5bdd4d4003705ed91c380	65f1613a4f1b015fc64608b787227de0549f4cec	11.55058765	4
4715401473dca02ebaa5bdd4d4003705ed91c380	b0c3d601b6c7ab591c0141fa0b1f61b56a56f31b	11.54226875	5
6519bf5580fcdcc9c50fd72c6c8dc5d040d443e8	3689220c58f89e9e19cc0df51c0a573884486708	9.35776520	1
6519bf5580fcdcc9c50fd72c6c8dc5d040d443e8	eef7d32eca9a363c31151d2ac4873f98a93f02d2	9.04500866	2
6519bf5580fcdcc9c50fd72c6c8dc5d040d443e8	31b6b7a1e00ada40a674f0fa13fa695245058f97	8.79241180	3
6519bf5580fcdcc9c50fd72c6c8dc5d040d443e8	dc264515056acaf1ddcb4e810787fcf23e86cbc0	8.75832939	4
6519bf5580fcdcc9c50fd72c6c8dc5d040d443e8	a34c334d4cc8dfce03ec48fa7a88ab0c3817ace7	8.67774105	5
3be10c45163c61dfb9f250412699b3f8cb0ada1d	ddf7349594c0302ed7fbb6ceb606831dc92812fa	19.01119995	1
3be10c45163c61dfb9f250412699b3f8cb0ada1d	7113af6cefeece031e00aac386c35fa17a87ca01	18.73380470	2
3be10c45163c61dfb9f250412699b3f8cb0ada1d	430a2146b47522f45bf417e17bb89922f3d9fcbc	18.40839005	3
3be10c45163c61dfb9f250412699b3f8cb0ada1d	f7b10f5aa56bcfabedf6329808a8cf920df7b285	18.37799072	4
3be10c45163c61dfb9f250412699b3f8cb0ada1d	4f96e06db144823d16516af787e96d13073b4316	18.27652550	5
566c89a1ace18f57ac3212e6d62634b501990b31	71b64035eacf2986ca7c153ebec72eb781a23931	8.93314934	1
566c89a1ace18f57ac3212e6d62634b501990b31	31a56eff814406d4f933662196bb0ec16a22b2a2	7.38007259	2
566c89a1ace18f57ac3212e6d62634b501990b31	39348c10c90be968357e2a6b65d5e0e479307735	7.04282331	3
566c89a1ace18f57ac3212e6d62634b501990b31	cfed87559dcba4f06742e091fa97041588562aa9	6.89360380	4
566c89a1ace18f57ac3212e6d62634b501990b31	ab208d4fe216c95d9ae43163c2337a277269f45e	6.70469713	5
370fda29c5aaff285311a87824c5f28db33da021	b2d5c67f5dc537424987cc28c3e9926250023502	15.24615383	1
370fda29c5aaff285311a87824c5f28db33da021	7e0f013e85eff9b089f58d9a3e98605ae1a7ba18	14.79140854	2
370fda29c5aaff285311a87824c5f28db33da021	dd88a853f8f13602c98dec3150709998e831308a	14.36656952	3
370fda29c5aaff285311a87824c5f28db33da021	80d45f972fb9f9c07947edce2c90ac492b2e9789	14.24749184	4
370fda29c5aaff285311a87824c5f28db33da021	2763cd9f3e49aa449c893bc3a397e6163377cf25	14.22590065	5
6c89453c09abde95d998f5acd244f00519472ee0	528fa9bb03644ba752fb9491be49b9dd1bce1d52	12.36645317	1
6c89453c09abde95d998f5acd244f00519472ee0	81394ddc1465027c148c0b7d8005bb9e5712d8f7	11.88745880	2
6c89453c09abde95d998f5acd244f00519472ee0	1fd80b5adeec4d5e921c7499a50c2cfc5b9686ad	11.51759148	3
6c89453c09abde95d998f5acd244f00519472ee0	b54315a22b825e9ca1b59aa1d3fac98ea4925941	11.42568016	4
6c89453c09abde95d998f5acd244f00519472ee0	b8d9ff98b9fe1fa3951caaa084109f6bfd0de95d	11.33718395	5
74d4bf32242a3d22df63e0cd3c7b5a0038220cd2	d6652eefc0a9d0375288787d3070cfe82dbe3240	12.15838814	1
74d4bf32242a3d22df63e0cd3c7b5a0038220cd2	7d712ea3803485467a46b46b71242477560c18f0	12.08148575	2
74d4bf32242a3d22df63e0cd3c7b5a0038220cd2	be4118d4ef1eccb9f7817d16f8d3cf9bffb01fe7	11.93787003	3
74d4bf32242a3d22df63e0cd3c7b5a0038220cd2	9f7b1b9d4f7dc2dcf850dcb311ecd309be380226	11.52641010	4
74d4bf32242a3d22df63e0cd3c7b5a0038220cd2	b9132f59935e7b9e9ccf90d9cca7ee1202c806f1	11.45423317	5
714c194a2fc326151b905270558aa137f9f22730	b30706600c01e23e11b303842fe548d62bf3ecf8	11.94235992	1
714c194a2fc326151b905270558aa137f9f22730	2d3e12639b809060748773c259f40ec15710b336	11.50142288	2
714c194a2fc326151b905270558aa137f9f22730	5c15b11610d7c3ee8d6d99846c276795c072eec3	11.44350433	3
714c194a2fc326151b905270558aa137f9f22730	3dfce4601c3f413605399267b3314b90dc4b3362	11.44222641	4
714c194a2fc326151b905270558aa137f9f22730	03dbbd987ea1fd5307ba5ae2f56d88e4f465b88c	11.38185310	5
c79b88a8d8ba491cead38b431703d84015153a8f	e64e988aa74d2bd96961ee4107b6ec66acc21d6b	12.03458595	1
c79b88a8d8ba491cead38b431703d84015153a8f	8304d0c4fab00017aee19730c3e13a53058c3008	11.15697575	2
c79b88a8d8ba491cead38b431703d84015153a8f	852094207ef6083d807a5215028e46e50685acbb	10.81553173	3
c79b88a8d8ba491cead38b431703d84015153a8f	9ec5dfd10c091d008ab32a4b85d2f77cc74084c8	10.50775242	4
c79b88a8d8ba491cead38b431703d84015153a8f	4b3ffdbe6e2cfc1f7edbe84eb8dc26b94f948c26	10.26740265	5
b2a20116c0609e23d3adfeaa604500fddca66178	11ff11e3aedaa41a67bea3623e5d2a805db6166e	14.27388954	1
b2a20116c0609e23d3adfeaa604500fddca66178	519ca7401f2346d8e31916b17b0466f5f77b7ad6	13.04162025	2
b2a20116c0609e23d3adfeaa604500fddca66178	41e494275eb24b248bddc19c4f7185c9abba803d	12.87997818	3
b2a20116c0609e23d3adfeaa604500fddca66178	80ca5505a9ba00e91283519a75e01840a15a74bf	12.84261513	4
b2a20116c0609e23d3adfeaa604500fddca66178	f8edbc3155b3b1d351dc577e57ad4663943d02ea	12.70224762	5
8a93cd1b6fbf7c8c86637bae18d979dafeb9a7c1	91fd133adf2bd15ab814351b3a9e9f13f2951e38	9.26637173	1
8a93cd1b6fbf7c8c86637bae18d979dafeb9a7c1	0a6d7e8e61c54c796f53120fdb86a25177e00998	9.15986252	2
8a93cd1b6fbf7c8c86637bae18d979dafeb9a7c1	e42fa48f49e7e18bf1e4e5e76bb55ae8432beae1	8.89379311	3
8a93cd1b6fbf7c8c86637bae18d979dafeb9a7c1	3d08280ae82c2044c8dcc66d2be5a72c738e9cf9	8.85112095	4
8a93cd1b6fbf7c8c86637bae18d979dafeb9a7c1	04cc04457e09e17897f9256c86b45b92d70a401f	8.71364021	5
281b6888d5df1dddb350fac4e9be5c8272519109	3715eb263afcd8bb5ed70ad53a6953e3b86a31ef	13.69279480	1
281b6888d5df1dddb350fac4e9be5c8272519109	fd26f8069cfa528463fdf8a90864587e997ee86d	12.24791813	2
281b6888d5df1dddb350fac4e9be5c8272519109	79ce9533944cdee059232495fc9f94f1d47eb900	11.01398945	3
281b6888d5df1dddb350fac4e9be5c8272519109	b38ea4cdf9012fa7a76d7e700260aa99855947c3	10.83436012	4
281b6888d5df1dddb350fac4e9be5c8272519109	1e1c462bbb9659e83b9c1b8bddc47767dbb18f20	10.79389191	5
0a40663fdcf7c5fb7cfc459693116c41309e7eca	05252b795f0f1238ac7e0d7af7fc2372c34a181d	7.84239483	1
0a40663fdcf7c5fb7cfc459693116c41309e7eca	8c3930ca8183c9bf8f2bfbe112717df1475287b9	7.71713257	2
0a40663fdcf7c5fb7cfc459693116c41309e7eca	784376563c94e231241fbcf71d4d2774aec4b935	7.67706299	3
0a40663fdcf7c5fb7cfc459693116c41309e7eca	52a345a29267107f92aec9260b6f8e8222305039	7.65577984	4
0a40663fdcf7c5fb7cfc459693116c41309e7eca	3dfce4601c3f413605399267b3314b90dc4b3362	7.61209297	5
8501e330d78391f4e690886a8eb8fac867704ea6	63396a1a658863faeb9e3c8ee1f1934fd00a7512	16.45280266	1
8501e330d78391f4e690886a8eb8fac867704ea6	0d57ba12a6d958e178d83be4c84513f7e42b24e5	16.40250397	2
8501e330d78391f4e690886a8eb8fac867704ea6	e837dfa120e8ce3cd587bde7b0787ef43fa7832d	16.05629921	3
8501e330d78391f4e690886a8eb8fac867704ea6	27da8d31b23f15a8d4feefe0f309dfaad745f8b0	15.90503502	4
8501e330d78391f4e690886a8eb8fac867704ea6	38f35dd624cd1cf827416e31ac5e0e0454028eca	15.81461143	5
beac53e8074b4822943a3374ff5e9fed98a891b8	3842ee1e0fdfeff936b5c49973ff21adfaaf3929	13.25674820	1
beac53e8074b4822943a3374ff5e9fed98a891b8	fe124d1c5ff4c691e0f16b24713e81b0fbc840ca	13.24505329	2
beac53e8074b4822943a3374ff5e9fed98a891b8	1450296fb936d666f2f11454cc8f0108e2306741	12.85157776	3
beac53e8074b4822943a3374ff5e9fed98a891b8	3a470684d4a2c512ae04fc36b4c06c10ac0f8046	12.73128891	4
beac53e8074b4822943a3374ff5e9fed98a891b8	edd6b6cd62d4c3b5d288721510e579be62c941d6	12.66667557	5
6ae4d0b388aa9262e80c3eedc1cb3e5f06842368	0b8651737442ec30052724a68e85fefc4c941970	10.84559631	1
6ae4d0b388aa9262e80c3eedc1cb3e5f06842368	9fe265de1cfab7a97b5efd81d7d42b386b15f2b9	10.60729027	2
6ae4d0b388aa9262e80c3eedc1cb3e5f06842368	16d228220eda4ae28e78e3d27a591d2bbe2bbeb1	10.31909943	3
6ae4d0b388aa9262e80c3eedc1cb3e5f06842368	7317b9519f62a7c88e85e71ee0b4a9c303b7c29e	10.25537968	4
6ae4d0b388aa9262e80c3eedc1cb3e5f06842368	0e3b17c933dcd8c8cb48ed6d23f358b94d1fda60	9.92233276	5
7db20fcc1d71edc32c365f145148d24b9f1427a5	a1328ce3f3a3245b39e61edd8ab1fb3eed9f0e33	9.44258118	1
7db20fcc1d71edc32c365f145148d24b9f1427a5	54ee63cdeca5b7673beea700e2e46e1c95a504e9	9.38344765	2
7db20fcc1d71edc32c365f145148d24b9f1427a5	dd47d8547382541fe3f589e4844f232ea817fd40	8.85447598	3
7db20fcc1d71edc32c365f145148d24b9f1427a5	78cd78f39414274f42dc750f6862e03b45133826	8.57153893	4
7db20fcc1d71edc32c365f145148d24b9f1427a5	3f203c85493bce692da54648ef3f015db956a924	8.52173805	5
335ad0ff82c728aca99fb0059c607cb18129526f	921e27dd44595b0f4353ee6b981aa53251073e55	13.40673161	1
335ad0ff82c728aca99fb0059c607cb18129526f	d71551efa514c8d5d713493d250f24b2c09eeaa3	13.26447582	2
335ad0ff82c728aca99fb0059c607cb18129526f	39c230241d51b1435472115aaa8c62b94ab9927d	13.19393826	3
335ad0ff82c728aca99fb0059c607cb18129526f	6c0cfbb0e02b8d5ea3f0d6f94eb25c7b93ff3e85	13.16735458	4
335ad0ff82c728aca99fb0059c607cb18129526f	31b52afe4db00f97a703d534803165bbd55359c2	13.04400730	5
04e4034344bda5c97015ea634e6eb1b65ef3a898	81b1991bfc9e32a3af7bd00bb84a3b4a60007f19	7.62826347	1
04e4034344bda5c97015ea634e6eb1b65ef3a898	8aedd2af730d8f3bce2ea46162d004a97fd9d615	7.54121876	2
04e4034344bda5c97015ea634e6eb1b65ef3a898	6426be25b02086a78a5dd5505c077c5d4205f275	7.53871059	3
04e4034344bda5c97015ea634e6eb1b65ef3a898	2218865804788c714410ce03ccad195393daf515	7.37054396	4
04e4034344bda5c97015ea634e6eb1b65ef3a898	b58b3a1dd84fe44f91510df00905a1ed33c1525c	7.13767433	5
271a4077c037b86fb7daf6bff3e66682322ff7d7	147e08459aa57f99a86a701c9e352e96efb99dfa	7.31770420	1
271a4077c037b86fb7daf6bff3e66682322ff7d7	e182225eb0c1e90f09cc3a0f69abb7ac0e9b3dba	7.18689442	2
271a4077c037b86fb7daf6bff3e66682322ff7d7	886431a362bfdbcc6dd518f844eb374950b9de86	7.09632254	3
271a4077c037b86fb7daf6bff3e66682322ff7d7	374858657ac7f1906cace0eda68539600f7040a8	7.09101105	4
271a4077c037b86fb7daf6bff3e66682322ff7d7	eef5af8ebc44dba66ef488353a5cef655c7655f1	6.95538425	5
3d23666c6d97d6ba3c86044d83c697821084bed6	02485a373142312c354b79552b3d326913eaf86d	9.32266712	1
3d23666c6d97d6ba3c86044d83c697821084bed6	58e4f10114e3fc61f05ff6dfcb35a98a61bb12a8	9.30393219	2
3d23666c6d97d6ba3c86044d83c697821084bed6	b62c81269e1d13bcae9c15db335887db990e5860	9.27127266	3
3d23666c6d97d6ba3c86044d83c697821084bed6	2421a14ce3cdd563fc3155a151a69568b0ee6b31	9.23320580	4
3d23666c6d97d6ba3c86044d83c697821084bed6	15b2c44b3868a1055850846161aaca59083e0529	9.15642357	5
fd4537b92ab9fa7c653e9e5b9c4f815914a498c0	4bcb3f436ba4b46648414e080fd3c9210040e95f	8.71537113	1
fd4537b92ab9fa7c653e9e5b9c4f815914a498c0	51a4d658c93c5169eef7568d3d1cf53e8e495087	8.56136703	2
fd4537b92ab9fa7c653e9e5b9c4f815914a498c0	0a59337568cbf74e7371fb543f7ca34bbc2153ac	8.53929424	3
fd4537b92ab9fa7c653e9e5b9c4f815914a498c0	84c08d24012f5af14589c371d34b146202850c96	8.48719120	4
fd4537b92ab9fa7c653e9e5b9c4f815914a498c0	b31f0085b7dd24bdde1e5cec003589ce4bf4238c	8.47144508	5
191ea925c2115755b44380c99d84f4a1099b4dcd	d556f50b4cd41a140f52008860e3ab18552b4d6c	11.70169163	1
191ea925c2115755b44380c99d84f4a1099b4dcd	c9b41a66017ca13333e8477a58ffdca2e3599b7e	11.62616825	2
191ea925c2115755b44380c99d84f4a1099b4dcd	3531e0eb9ec8a6ac786146c71ead7f8d624fd2ca	11.36650276	3
191ea925c2115755b44380c99d84f4a1099b4dcd	48c42d87cd32c4ec613d103eb6ed3d6adf9f790a	11.36115456	4
191ea925c2115755b44380c99d84f4a1099b4dcd	353350b5367727719e3f170fa932d76e2caa350e	11.29471397	5
458f1428273254fc5dd399f3c104f507680ddd54	4556f3f9463166aa3e27b2bec798c0ca7316bd65	7.90560722	1
458f1428273254fc5dd399f3c104f507680ddd54	bb192e0208548831de1475b11859f2114121c662	7.77637529	2
458f1428273254fc5dd399f3c104f507680ddd54	40daba541db2cc489aafa533a386d63e869b21ef	7.48691893	3
458f1428273254fc5dd399f3c104f507680ddd54	55baef0d54403387f5cf28e2ae1ec850355cf60a	7.40701199	4
458f1428273254fc5dd399f3c104f507680ddd54	9db1f913f56ff745099a71065161656631989a72	7.37394476	5
19115f66f6ac1c02568bbb38eceedfa3521a8cc2	452bc3a5f547ba1c1678b20552e3cd465870a33a	9.27301025	1
19115f66f6ac1c02568bbb38eceedfa3521a8cc2	6e37979d2a910e8a2337927731619fd789a5213b	9.22000694	2
19115f66f6ac1c02568bbb38eceedfa3521a8cc2	b927e4a17a0bf5624c0438308093969957cd764e	9.21576691	3
19115f66f6ac1c02568bbb38eceedfa3521a8cc2	6b880d58b826074c49d0a38d0f9fb481e93c0acc	9.19859219	4
19115f66f6ac1c02568bbb38eceedfa3521a8cc2	0ab5e90d14264b7faf406c15615a4f08cc945f27	9.18275833	5
84424eee012089dac9414979f0cb1465c97c4408	99480bf75024a4955f6753c23650f776f191d151	11.63660049	1
84424eee012089dac9414979f0cb1465c97c4408	27266e3be4d9b9572e8e11f4ef34110a2a00f515	11.53329468	2
84424eee012089dac9414979f0cb1465c97c4408	503a6d42cfb0174ca944053372153e21fec1111c	11.34393883	3
84424eee012089dac9414979f0cb1465c97c4408	8e33c26c619e4283a8b27f240d4855265ad22015	11.30273819	4
84424eee012089dac9414979f0cb1465c97c4408	c03233796d17006bd4e5568b3c1f78cebacf87ca	11.15812874	5
5bb6b779de7929c573f39cd84169cafbd72e5bae	ccaab0cee02fe1e5ffde33b79274b66aedeccc65	8.71049023	1
5bb6b779de7929c573f39cd84169cafbd72e5bae	ec5b5c434f9d0bfc3954c212226d436e32bcf7d5	8.30774784	2
5bb6b779de7929c573f39cd84169cafbd72e5bae	4be6deba004cd99fa5434cd3c297747be9d45bb5	7.86023140	3
5bb6b779de7929c573f39cd84169cafbd72e5bae	42a6ae6827f8cc92e15191e53605b0aa4f875fb9	7.74874401	4
5bb6b779de7929c573f39cd84169cafbd72e5bae	e56e0c5bcfb28ccc7276eb67287cf360d234e17f	7.67859888	5
7b6652910c5cc0df9ff6bc91912a02e58a742d26	c2f4c6d7e06da14c4b3ce3a9b97394a64708dc52	8.20039368	1
7b6652910c5cc0df9ff6bc91912a02e58a742d26	c368e5f5d6390ecd6b431f3b535c707ea8b21993	8.14410400	2
7b6652910c5cc0df9ff6bc91912a02e58a742d26	34a4b24c054f7e3fbe836a13165bf52838723dfb	8.07353210	3
7b6652910c5cc0df9ff6bc91912a02e58a742d26	1e24a6b80171c7ed7b543fe74d62d0b364f3f31c	8.04387474	4
7b6652910c5cc0df9ff6bc91912a02e58a742d26	1de3c8ddf30b9d6389aebc3bfa8a02a169a7368b	7.88490486	5
df0ef17f63582603dafb1ac5c489dec1416ecbf4	e00b5c0fea6fb05b1370cc3dc537ed2e821033b7	11.00255775	1
df0ef17f63582603dafb1ac5c489dec1416ecbf4	36a675d51e905348967d2834211696564cf21d37	10.57155323	2
df0ef17f63582603dafb1ac5c489dec1416ecbf4	7b93119414a02b332b1a6a51cf68b7e6ae3c42be	10.46588898	3
df0ef17f63582603dafb1ac5c489dec1416ecbf4	f2c4082faeff5d63b0144ef371c8964621ee33bf	10.42402649	4
df0ef17f63582603dafb1ac5c489dec1416ecbf4	c46988a5a538bf160f84c78bed237c53e3f903d6	10.39675331	5
f2d5039b55d626ef5466a80e950bddd5cc1819d4	6f20506ce955b7f82f587a14301213c08e79463b	7.17659187	1
f2d5039b55d626ef5466a80e950bddd5cc1819d4	7758a1c9a21e0b8635a5550cfdbebc40b22a41a6	6.48184109	2
f2d5039b55d626ef5466a80e950bddd5cc1819d4	270af733bcf18d9c14230bcffc77d6ae57e2667d	6.26995230	3
f2d5039b55d626ef5466a80e950bddd5cc1819d4	220bdd265e6721e1d7ec1c4252aa41825147e61b	6.19371128	4
f2d5039b55d626ef5466a80e950bddd5cc1819d4	4c390cbf57a3c905080c12cee965a8a3b8ed5a92	6.15086746	5
7492683af60d02dbd658acdc61249571f8c20fc8	44b1b0468bc03c255e7de1a141437887a4fdaaad	13.72881699	1
7492683af60d02dbd658acdc61249571f8c20fc8	b592dc957029eb3a752e7bb35cd65012d7df6487	12.50522041	2
7492683af60d02dbd658acdc61249571f8c20fc8	c1d4d3b2dab80ac3eb4a0a537696248adabd1922	12.24664116	3
7492683af60d02dbd658acdc61249571f8c20fc8	e340a3b93204c030a8b4db2c24a9ef2628cde140	12.20346642	4
7492683af60d02dbd658acdc61249571f8c20fc8	3a488bded1695743b34e39338ccc3c687ea771d0	12.14371681	5
f7f32e86c23a902ac55fba8b8191026f563bec5b	244fa023adbbff31806ded21d5b2f36afd3ff988	10.24018192	1
f7f32e86c23a902ac55fba8b8191026f563bec5b	1b2a8dc42d6eebc937c9642799a6de87985c3da6	10.14021969	2
f7f32e86c23a902ac55fba8b8191026f563bec5b	fb4401254c4528f7a60f42e993cab79a0ceca28d	9.88192463	3
f7f32e86c23a902ac55fba8b8191026f563bec5b	1532b1ceb90272770b9ad0cee8cd572164be658f	9.80796432	4
f7f32e86c23a902ac55fba8b8191026f563bec5b	7d0e27146e8bf64978e97ed1fdeb163e39f73a19	9.36706543	5
a22e737d38a1bc671893a7ed341aba436571097a	23e054d1b05ccea0d9b984e8fd808bd966ce9870	10.64897537	1
a22e737d38a1bc671893a7ed341aba436571097a	696ba5034c61709f3dbc42481bc347c9d565acf7	10.40997505	2
a22e737d38a1bc671893a7ed341aba436571097a	5a3306619ab02d8b9b022946f3ddac16af16bcce	10.25629425	3
a22e737d38a1bc671893a7ed341aba436571097a	5b126a3d59242728d615213584efe699c8f09bfa	10.15618515	4
a22e737d38a1bc671893a7ed341aba436571097a	677c44572cd6ac6ccab36d74c8246c4d8785434f	9.78305340	5
4b80771429b786ea87740738378ba1eb1504a57f	6b0355ffdd9130eb6ce0be3dbf338286507cd64b	10.49405098	1
4b80771429b786ea87740738378ba1eb1504a57f	72e8b0167757b9c8579972ee6972065ba5cb762d	10.38160706	2
4b80771429b786ea87740738378ba1eb1504a57f	16de86b9fcedb7ee7ff5c4d2f5c28ef8e411d890	10.35789108	3
4b80771429b786ea87740738378ba1eb1504a57f	bffe23d44eec0324f1be57877f05b06c379e77d5	10.29868221	4
4b80771429b786ea87740738378ba1eb1504a57f	50f2f7166a89e1ef628ab372edc53df77109b9fa	10.16826439	5
9003fb79e7848ced3be975c3d87a9348a4b8d377	361f606333f62187b5ef9f144da0097db7fc4d52	21.75920868	1
9003fb79e7848ced3be975c3d87a9348a4b8d377	336222eedc745e17f85cc85141891ed3b48b9ef7	21.51701355	2
9003fb79e7848ced3be975c3d87a9348a4b8d377	7c5adcf159af8df4d91774b196fb32189efc0368	21.48802567	3
9003fb79e7848ced3be975c3d87a9348a4b8d377	f6c133017cf45779aa12d403559c807f4f296f55	21.45294380	4
9003fb79e7848ced3be975c3d87a9348a4b8d377	8ed0ee88e811aaaad56d1a42e2cfce02edcc90ff	20.65407372	5
ac58b487e864afafe71c6158553eed10fbc8eef5	678680169e8b75430c1239e7e5289f656e009809	13.70503139	1
ac58b487e864afafe71c6158553eed10fbc8eef5	3f90560a649fcd0d618c4e5538b18d07ef116539	11.42691422	2
ac58b487e864afafe71c6158553eed10fbc8eef5	2c636db0558838d0c24f7d4114582df6d5ea879f	11.34703350	3
ac58b487e864afafe71c6158553eed10fbc8eef5	f5e9eddfa9e26ac66b29606353d166dfc73223f5	11.26986313	4
ac58b487e864afafe71c6158553eed10fbc8eef5	ebdfa3dc3bff0d6721e9996af66726d71159c36b	11.05587292	5
30c9a7660281ad8e4538ff9beb20282c74fac810	a083ba4f23dd2e5229f6009253e28ef4f81759e7	14.37352562	1
30c9a7660281ad8e4538ff9beb20282c74fac810	b385964ea71963a79d7a34f5844110b8a62661c0	14.17420006	2
30c9a7660281ad8e4538ff9beb20282c74fac810	3100d6b90ca7385e09c6b59478fc817f314492a4	14.04184818	3
30c9a7660281ad8e4538ff9beb20282c74fac810	2891da32932a45f8b14bb95f7e26b5ae9677f430	13.93297005	4
30c9a7660281ad8e4538ff9beb20282c74fac810	fe6d25193410fe00d355d99282593db6f965eb05	13.86130047	5
129397ed6557da93db5ba18cf112ee7b0a7927d8	42dfb714a9faddf3f7047d482b2e0531d884dc67	8.86624146	1
129397ed6557da93db5ba18cf112ee7b0a7927d8	00ca2e50ae1c5f4499d9271c72466d2f9d4ae137	8.66911602	2
129397ed6557da93db5ba18cf112ee7b0a7927d8	0d15202f2de79a5cdc4ba1ff005c3aef27aea2b0	8.65035057	3
129397ed6557da93db5ba18cf112ee7b0a7927d8	bb2edb3e16cd263bdb4e3038f383f3bb8c4c238b	8.63835526	4
129397ed6557da93db5ba18cf112ee7b0a7927d8	08e1f479de40d66711f89e0926bc3f6d14f3dbc0	8.61183739	5
1a66df57f88e689438d505474eff73e3a9180c5b	6ab5acb5f32ef2d28f91109d40e5e859a9c101bf	9.07545280	1
1a66df57f88e689438d505474eff73e3a9180c5b	a902ae7016408a63c3a2539d012e07070c29f9d6	8.55175972	2
1a66df57f88e689438d505474eff73e3a9180c5b	51c88134a668cdfaccda2fe5f88919ac122bceda	8.51365089	3
1a66df57f88e689438d505474eff73e3a9180c5b	54e7e6348fc8eb27dd6c34e0afbe8881eeb0debd	8.44080353	4
1a66df57f88e689438d505474eff73e3a9180c5b	29d0c439241e65c51e19f7bd9430f50e900a6e32	8.17658997	5
e00ab75a8aa637d9c4c5c020e9f2c54b31528031	8a58a1107f790bc07774d18e0184e4bf9d1901ba	11.32875347	1
e00ab75a8aa637d9c4c5c020e9f2c54b31528031	6f6602d260479077991313dd26a0f8ac54a2e307	10.61089134	2
e00ab75a8aa637d9c4c5c020e9f2c54b31528031	97bafb07cb97c7847b0b39bc0cafd1bafc28cca7	10.42448616	3
e00ab75a8aa637d9c4c5c020e9f2c54b31528031	926862f4facebf5f76dd5f75d178c8d13d5f7468	10.32179070	4
e00ab75a8aa637d9c4c5c020e9f2c54b31528031	661ce19f315aafbf5a3916684e0e7c10e642d5f1	10.31955338	5
7707c7aac35a4d206eb061305256452051ae4dcf	64eaddd5ef643f7a1e0a2d5ca7a803a55d23d019	8.83768654	1
7707c7aac35a4d206eb061305256452051ae4dcf	25e0853ae37c2200de5d3597ae9e86131ce25aee	8.66127205	2
7707c7aac35a4d206eb061305256452051ae4dcf	83834cd33996ed0b00e3e0fca3cda413d7ed79ff	8.61875916	3
7707c7aac35a4d206eb061305256452051ae4dcf	ca966559c378c0d22d17b1bbce7f55b41cbbfba5	8.49469757	4
7707c7aac35a4d206eb061305256452051ae4dcf	03af306bcb882da089453fa57539f62aa7b5289e	8.48537254	5
23386571ed332e4a465c0a6fa899f310caa217c8	13cf6e3658598e92a24feb439e532894e4aa68e3	11.65419197	1
23386571ed332e4a465c0a6fa899f310caa217c8	7ccc0bc4ed1d6c2e2814ca28ac35cc2aec605c95	11.55648327	2
23386571ed332e4a465c0a6fa899f310caa217c8	7e9507924ceebd784503fd25128218a7119ff722	11.54466343	3
23386571ed332e4a465c0a6fa899f310caa217c8	6ac2443b7fa7de3b779137a5cbbf1a023d6b2a68	11.43920898	4
23386571ed332e4a465c0a6fa899f310caa217c8	59d7d8415dacd300eb4d98b0da3cb32d27503b36	11.42666245	5
e7ec9e900556d9d9e47b274911ad304bcf198256	60ba158cb1a619726db31b684a7bf818e2f8256b	15.41103172	1
e7ec9e900556d9d9e47b274911ad304bcf198256	c0b7e09f212ec85da22974c481e7b93efeba1504	13.36278343	2
e7ec9e900556d9d9e47b274911ad304bcf198256	a8b0e7517ff5121eda0b60cf7cbf203d6fac525d	12.80456543	3
e7ec9e900556d9d9e47b274911ad304bcf198256	864e1700594dfdf46a4981b5bc07a54ebeab11ba	12.45203972	4
e7ec9e900556d9d9e47b274911ad304bcf198256	e3b915179d070ceb6e7388564c2fa17942750db5	12.10378647	5
ca464085b3da330f2ea895543a78c446a3af1bb6	47ad62463adc468554da06c836133e23e4e0dce7	15.04569340	1
ca464085b3da330f2ea895543a78c446a3af1bb6	ede538be81d0d2f7982500374a329be18438881d	14.44245625	2
ca464085b3da330f2ea895543a78c446a3af1bb6	6d016cc9496bdfcb12a223eac073aa58444e80f4	14.34092236	3
ca464085b3da330f2ea895543a78c446a3af1bb6	903683bd91d0c67f566121a7351569edd7a4cb1a	14.32315159	4
ca464085b3da330f2ea895543a78c446a3af1bb6	b6626537ce41ccd7b8442799eb4c33576f1ce482	14.08862877	5
f09db8a42d713774483f023b31e0ee96361823f4	3735317a7435296a01ff4b7571d6b08fca98b298	9.25144386	1
f09db8a42d713774483f023b31e0ee96361823f4	e057a9bd9ab7ec650730472460da9039d07674b8	8.85147095	2
f09db8a42d713774483f023b31e0ee96361823f4	a8c28b6172caf25a98f55dfc32d1f829d02ba84f	8.67995358	3
f09db8a42d713774483f023b31e0ee96361823f4	5287d8fef49b80b8d500583c07e935c7f9798933	8.66858768	4
f09db8a42d713774483f023b31e0ee96361823f4	e8587c354b6a63fba28c6d48dc40b544b4a5f0f0	8.66788483	5
958ebc7e24012b419316489515f2c2f908773bd5	779f05bf98049762df4298043ac6f38c82a07607	8.52130890	1
958ebc7e24012b419316489515f2c2f908773bd5	cf2a86994505a96c19c73dbbaa4a39801bdee088	8.40578461	2
958ebc7e24012b419316489515f2c2f908773bd5	1c610c122c0c848ba8defbcb40ce9f4dd55de7d9	8.35055828	3
958ebc7e24012b419316489515f2c2f908773bd5	01f7a71167b4917004fbfd8228a2a1d06515d54c	8.17355537	4
958ebc7e24012b419316489515f2c2f908773bd5	e2f8ea2a3504d2984ed91ef8666874d91fd2a400	8.04243183	5
73d54af530d22599cc76b9785ae0a663cc694df2	e42fa48f49e7e18bf1e4e5e76bb55ae8432beae1	10.20582581	1
73d54af530d22599cc76b9785ae0a663cc694df2	018300f5f0e679cee5241d9c69c8d88e00e8bf31	10.04478550	2
73d54af530d22599cc76b9785ae0a663cc694df2	4faa414044d97b8deb45c37b78f59f18e6886bc7	10.03180981	3
73d54af530d22599cc76b9785ae0a663cc694df2	35763cf6b9e75474f950872c6bc86b381d9f71b6	9.94797707	4
73d54af530d22599cc76b9785ae0a663cc694df2	857176d022369e963d3ff1be2cb9e1ca2f674520	9.91872501	5
de77514c78432a0b17cf30baa024434173908f89	aae4665c2bd9f04e0c7f993123b30d87486b79f7	10.39274025	1
de77514c78432a0b17cf30baa024434173908f89	202d24310e30333391d966b5979358d5bee713c5	9.01127815	2
de77514c78432a0b17cf30baa024434173908f89	3393866fbeb1f8510ff458b19f6e98b7f4a902ec	8.42701244	3
de77514c78432a0b17cf30baa024434173908f89	fa2d02a98ee6d4eb92133542c49c661ab35e22fa	8.22864532	4
de77514c78432a0b17cf30baa024434173908f89	1f3e3872e1c28d76da663164c431929aeacc57a2	8.06025124	5
7c88a0f765ce3c9025345cf133251cb947fe6ee5	0786d19321c380f98ade66e4c9c8c9380ac89beb	10.60145950	1
7c88a0f765ce3c9025345cf133251cb947fe6ee5	af657f4f268d31e8f1ca8b9702bb72c2f788b161	9.86511040	2
7c88a0f765ce3c9025345cf133251cb947fe6ee5	0a4eabea3f727a49f414a036f253ea28d1652104	9.80801582	3
7c88a0f765ce3c9025345cf133251cb947fe6ee5	32093be6d9bf5038adb5b5b8b8e8a9b62001643c	9.59416199	4
7c88a0f765ce3c9025345cf133251cb947fe6ee5	234f11713077aa09179533a1f37c075662e25b0f	9.51266670	5
a9d7e7e918a68d1b95c6c6b29f7fabbbe01010f7	3ffce42ed3d7ac5963e03d4b6e32460ef5b29ff7	17.82075882	1
a9d7e7e918a68d1b95c6c6b29f7fabbbe01010f7	47c3c0273c010115cd1d5ee90210937f47658d4e	17.35068703	2
a9d7e7e918a68d1b95c6c6b29f7fabbbe01010f7	dba7d665367dacedc1915787f3aa158fe24aa4f7	16.99909782	3
a9d7e7e918a68d1b95c6c6b29f7fabbbe01010f7	1e8f46aeed1a96554a2d759d7ca194e1f9c22de1	16.97523880	4
a9d7e7e918a68d1b95c6c6b29f7fabbbe01010f7	26c4eb90d0f82ac722cf0bb279de3cf89fef5e89	16.77705383	5
0bfa2ab02f3c9a9fe06fcebf34bd8f371e206512	1d1861764141b0255389fecfc309ef74151033fc	15.42005348	1
0bfa2ab02f3c9a9fe06fcebf34bd8f371e206512	078b55e2f4899cf95a4c8d65613c340fa190acf8	14.41917801	2
0bfa2ab02f3c9a9fe06fcebf34bd8f371e206512	8efbb07f1ed1879a32574e7d3940063e9dafbadb	14.40032768	3
0bfa2ab02f3c9a9fe06fcebf34bd8f371e206512	387ef15ce6de4a74b1a51f3694419b90d3d81fba	14.35819912	4
0bfa2ab02f3c9a9fe06fcebf34bd8f371e206512	978ec9eb44b7913933fd9b18c77d34e64c06a3b9	14.27618790	5
5e1b80b4774582b948c6dcd656daaba6724ffc2d	6be9447feb1bf824d6a1c827e89e6db3f59566de	11.06590843	1
5e1b80b4774582b948c6dcd656daaba6724ffc2d	ade3287ba2c903326f584d4a2117715d8aefe0b9	10.86820793	2
5e1b80b4774582b948c6dcd656daaba6724ffc2d	57cf7dfe1879c7b65e1ac515d200b831fec21ba6	10.82187271	3
5e1b80b4774582b948c6dcd656daaba6724ffc2d	144c72023fac7d91faa3b82f73b32120c7c9b41b	10.67390823	4
5e1b80b4774582b948c6dcd656daaba6724ffc2d	261e9b82bf60e2b70965b0c1bfdea793aedc0a2e	10.55143166	5
382bbb79d7ffda63395db3d9b4ebce55d0b2f038	eaeb504b664e27e5b24e123893a4dbbfdbb62cee	7.94125271	1
382bbb79d7ffda63395db3d9b4ebce55d0b2f038	ecf86691b5cbc47362703992d6b664c7bfa4325c	7.88172865	2
382bbb79d7ffda63395db3d9b4ebce55d0b2f038	0638d1f7d37f6bda49f6ec951de37aca0e53b98a	7.76646185	3
382bbb79d7ffda63395db3d9b4ebce55d0b2f038	63ad6c788f36e38e615abaadf29279c8e42f0742	7.71949291	4
382bbb79d7ffda63395db3d9b4ebce55d0b2f038	aea427bcea46c83021e62f4fb10178557510ca5d	7.49889755	5
f7bdc97a6b4c5d65c145479ae74b3a244121ae89	a1cd96a10ca8dd53a52444456f6119a3284e5ae7	11.27841473	1
f7bdc97a6b4c5d65c145479ae74b3a244121ae89	6b68a0c00a1a6d2ffa96402065378b1dae28f0e2	11.27803135	2
f7bdc97a6b4c5d65c145479ae74b3a244121ae89	c005eab75655d4065274b5f52454a4b22c2b70b5	10.95902729	3
f7bdc97a6b4c5d65c145479ae74b3a244121ae89	c7d98a02c93d29bae3595728ef5ef1ee0bee8f6e	10.77626419	4
f7bdc97a6b4c5d65c145479ae74b3a244121ae89	1e8685728af234a320878f3aec2317cd0ae9f179	10.31902122	5
e659e72b7962c9ad586a2d35a7099550102fb054	f2c4082faeff5d63b0144ef371c8964621ee33bf	11.11745453	1
e659e72b7962c9ad586a2d35a7099550102fb054	80372b437142b8a27a9b496c21c2f2708f6f3ae3	11.05703831	2
e659e72b7962c9ad586a2d35a7099550102fb054	6777d0f3b5b606f218437905346a9182712840cc	10.92856407	3
e659e72b7962c9ad586a2d35a7099550102fb054	d76beb59a23c01c9bec1940c4cec1ca26e00480a	10.72111893	4
e659e72b7962c9ad586a2d35a7099550102fb054	85a1ca73388f4a4d0f92d70ac8bc63af06b2f972	10.63769531	5
3136f52540fb7925998eff94e9c016d2e1a6fe12	9df3e4ebbc0754484d4ec936de334a2f47c48a82	9.53719330	1
3136f52540fb7925998eff94e9c016d2e1a6fe12	73f8d428fa37bc677d6e08e270336e066432c8c9	9.49466324	2
3136f52540fb7925998eff94e9c016d2e1a6fe12	95347596715641683678283b06f6b5ce3a09cba3	9.48621750	3
3136f52540fb7925998eff94e9c016d2e1a6fe12	2fb8c7faf5e42dba3993a2b7cd8c6fd1b90d29ef	9.46029663	4
3136f52540fb7925998eff94e9c016d2e1a6fe12	3f5b98643e68d7ef4c9e1ae615f8d2f5a57c67be	9.40946198	5
0bf046038a555bc848030a28530f9836e5611b96	3ee02dff33c03d98fb5a2cecf298b77171f0d0dc	9.06597328	1
0bf046038a555bc848030a28530f9836e5611b96	2ff91e935b1af342739980e660fa75dbd23e5b93	8.93121147	2
0bf046038a555bc848030a28530f9836e5611b96	9afba7cb45c8cfb32fe9cb625444a54244b1d15f	8.84261036	3
0bf046038a555bc848030a28530f9836e5611b96	50ca90bc847694a7a2d9a291f0d903a15e408481	8.77864742	4
0bf046038a555bc848030a28530f9836e5611b96	4894435e4e96b7ddcc42853992da4c694711c5fb	8.76611423	5
5a4b46ef8898610ab16a1ced6f4a976db0f1962c	4b81b16778c5d2dbf2cee511f7822fa6ae3081bf	8.04280090	1
5a4b46ef8898610ab16a1ced6f4a976db0f1962c	4661794de39ac660a4f37a2ef44b0b1a009d5575	7.88888168	2
5a4b46ef8898610ab16a1ced6f4a976db0f1962c	82c98cb965f50600788c2f5b690dd5616fe27668	7.74134636	3
5a4b46ef8898610ab16a1ced6f4a976db0f1962c	dd5b30cbb7c07cbc9643f9dfe124c344b26a03bd	7.66734600	4
5a4b46ef8898610ab16a1ced6f4a976db0f1962c	6723dda58e5e09089ec78ba42827b65859f030e2	7.61999035	5
232427099d4a8acf1dc29efc852f09c5964e6165	27229aff757b797d0cae7bead5a236431b253b91	12.42340374	1
232427099d4a8acf1dc29efc852f09c5964e6165	0c5e3186822a3d10d5377b741f36b6478d0a8667	11.64545250	2
232427099d4a8acf1dc29efc852f09c5964e6165	094ca99cc94e38984823776158da738e5bc3963d	11.31048203	3
232427099d4a8acf1dc29efc852f09c5964e6165	3acabf9198bbb6a050ff6adf7cc70940de6da127	11.29900742	4
232427099d4a8acf1dc29efc852f09c5964e6165	11d11c127be2a23596e38e868977188f8eb59cd8	11.00399208	5
100636ca50edf63d4336bb071f3e172cb0ebccaa	4d357ffc1cf60d3f34b5345899619882791474bb	8.05620766	1
100636ca50edf63d4336bb071f3e172cb0ebccaa	63f37950b5adfe7d90baa6284e4fc4e2edacbcc6	7.99045467	2
100636ca50edf63d4336bb071f3e172cb0ebccaa	8890bb44abb89601c950eb5e56172bb58d5beea8	7.92725563	3
100636ca50edf63d4336bb071f3e172cb0ebccaa	66c54b8ba52a6eae6727354dedaacbab1dd5a8ea	7.90733433	4
100636ca50edf63d4336bb071f3e172cb0ebccaa	3d0e07fc681428f230d1be6a79c5b40450e2e332	7.81029844	5
7a373793804ea9813d64641919e14841f927c38f	476f764f44d9d31b6bb86dc72b34de681b8b4b03	12.23785591	1
7a373793804ea9813d64641919e14841f927c38f	07f77ad9c58b21588a9c6fa79ca7917dd58cca98	11.78235435	2
7a373793804ea9813d64641919e14841f927c38f	e3412b045525ed4a6c0142bba69522beb2f82a25	11.63814926	3
7a373793804ea9813d64641919e14841f927c38f	1f5dc8bee4f9f34d0708558498e706fefd2ab6c1	11.60052586	4
7a373793804ea9813d64641919e14841f927c38f	ec3472acc24fe5ef9eb07a31697f2cd446c8facc	11.49919128	5
e788f08148b4b06f4e537b27b51338f1c88ccea8	49ea217068781d3f3d07ef258b84a1fd4cae9528	9.45990562	1
e788f08148b4b06f4e537b27b51338f1c88ccea8	17d41e6fd35629a9cc14f203b0035985f44500d5	9.06701660	2
e788f08148b4b06f4e537b27b51338f1c88ccea8	1b2f59291322dcf2bfa552b9c39d3d956bcfde1f	9.00898743	3
e788f08148b4b06f4e537b27b51338f1c88ccea8	862576569343cfa7c699784267543b81fad23c3a	8.57979202	4
e788f08148b4b06f4e537b27b51338f1c88ccea8	36ada37bede2f0fd3dbab2f8d4d33df8670ff00b	8.29728794	5
8fad88b5678bfecab78d0d6389f649ccfb310d22	45d7755c2e3e1d0ec92c64f78a2b09eaeafd270c	16.55191994	1
8fad88b5678bfecab78d0d6389f649ccfb310d22	e1df8d30462995c299ac33e954dc1715d150cd83	16.09597206	2
8fad88b5678bfecab78d0d6389f649ccfb310d22	6e744cf0273a84b087e94191fd654210e8fec8e9	15.93340874	3
8fad88b5678bfecab78d0d6389f649ccfb310d22	225050ee487b17ced9f05844f078ff5345f5c9cc	15.91581631	4
8fad88b5678bfecab78d0d6389f649ccfb310d22	45b7d3881dd92c8c73b99fa3497e5d28a2106c24	15.84174919	5
e48e9cf407af2694ecfefd441c2c28faffdf0835	2e6d28d44016a6cfab7f949f74fc129e27960575	13.37187099	1
e48e9cf407af2694ecfefd441c2c28faffdf0835	ee35c52c22fadf92277c308263be6288249a6327	13.21407509	2
e48e9cf407af2694ecfefd441c2c28faffdf0835	d7ccf0988c16b0b373274bcf57991f036e253f5c	13.18614197	3
e48e9cf407af2694ecfefd441c2c28faffdf0835	843018e9d8ebda9a4ec54256a9f70835e0edff7e	12.66094208	4
e48e9cf407af2694ecfefd441c2c28faffdf0835	98b6e6e3c67443928bda3b92a833753288f2a0b8	12.20042515	5
065985d4d0854c51f52ad7a7507b267d9b88ab1c	51e95da85a91844ee939147c6f647f749437f42c	10.01684952	1
065985d4d0854c51f52ad7a7507b267d9b88ab1c	f24df001ba37746d1d28919f38a7704db5d178c3	9.07758427	2
065985d4d0854c51f52ad7a7507b267d9b88ab1c	3c31d0411e813111eb652fb3639a76411b53394e	8.98710918	3
065985d4d0854c51f52ad7a7507b267d9b88ab1c	6060d036639f91cf4801acb325b23d23065b68d5	8.60733032	4
065985d4d0854c51f52ad7a7507b267d9b88ab1c	0acf1a74e6ed8c323192d2b0424849820fe88715	8.48915863	5
44a56dc083e3e2b07f11aae29c1ee560f46efa4a	4decf38323c8311fbbe50cb309e242bee671418a	12.06838226	1
44a56dc083e3e2b07f11aae29c1ee560f46efa4a	7f90d5bdbc4caa78d1cec17326e417b98b07b399	11.41890621	2
44a56dc083e3e2b07f11aae29c1ee560f46efa4a	acec5113c70016d38605bdbd3e70b1209f5fcecd	11.07188988	3
44a56dc083e3e2b07f11aae29c1ee560f46efa4a	3274d8a1a2fabc3d95ce9adb76462bec7d4a7b1f	11.02102280	4
44a56dc083e3e2b07f11aae29c1ee560f46efa4a	7ccc0bc4ed1d6c2e2814ca28ac35cc2aec605c95	10.99669838	5
3b198869df03d98b81c0c882753845a3bca36c63	4d1efe967fde304dc31e19665b9c328969a79128	18.56246185	1
3b198869df03d98b81c0c882753845a3bca36c63	4a1351ad68e5af7d578143eeb93e21b5463602eb	17.81971359	2
3b198869df03d98b81c0c882753845a3bca36c63	ae6f25ce44d20c3917a62146082c55d2a62b7779	17.78117752	3
3b198869df03d98b81c0c882753845a3bca36c63	3212a1d0bd6c90a16ffffc032328fd819cb4c92f	17.02142525	4
3b198869df03d98b81c0c882753845a3bca36c63	59e59d3657817c513272aa8096d4e384e6f3dadb	16.99101639	5
9a7e12ef462e779263ee3f2dd415d2d21233f15d	2ce0d2f6efe74b9df4c0eccb434322d931c5dd47	19.90391922	1
9a7e12ef462e779263ee3f2dd415d2d21233f15d	a6f726fa39b189e56b1bcb0756a03796c8aa16f8	19.69572830	2
9a7e12ef462e779263ee3f2dd415d2d21233f15d	3ec569ba6c3f377d94a9fc79e6656d27d099430c	17.35662079	3
9a7e12ef462e779263ee3f2dd415d2d21233f15d	f2382c15763fb5c2b8cb22a1de7beaf64dd96c3b	17.08720398	4
9a7e12ef462e779263ee3f2dd415d2d21233f15d	971de86408e28d5f16adc175f30fb122d2238e39	16.82685471	5
76dac031066a95715a3b116eb2094ec9bdd15171	4c877c086e5cb57e1f5c16fc662e637419c5a7df	7.88882351	1
76dac031066a95715a3b116eb2094ec9bdd15171	865bd9a32fb375a80fca9f04bead4d0d96576709	7.68754005	2
76dac031066a95715a3b116eb2094ec9bdd15171	1048bc450f2698c7d41dbb3679c837323de400fb	7.68253517	3
76dac031066a95715a3b116eb2094ec9bdd15171	3ea09660687628d3afb503bccc62126bb6304d18	7.55147076	4
76dac031066a95715a3b116eb2094ec9bdd15171	ea0cb20d5f71c937abc20b00391141bf12cc6fd5	7.20106983	5
26ebc1b9e21db68d5abf01acd2a0c38d260c65a1	8985000860dbb88a80736cac8efe30516e69ee3f	12.96033859	1
26ebc1b9e21db68d5abf01acd2a0c38d260c65a1	c3e2ad2da16f15d212817f833d7dec238a45154d	12.72766495	2
26ebc1b9e21db68d5abf01acd2a0c38d260c65a1	164ad83f36c50170351e3c0b58731e53ecd4b82c	12.18635559	3
26ebc1b9e21db68d5abf01acd2a0c38d260c65a1	39a1abcbb87d8ff48ee47d446411a3455451f25b	12.15284157	4
26ebc1b9e21db68d5abf01acd2a0c38d260c65a1	a9b35080d736b9e5cdc6230512809123b383e671	11.98069954	5
a1be02429ab4ec852656f8833c3160f4592cc547	b2b427219bed5c0f83ad3fe5a3d285313759f5d2	9.54172325	1
a1be02429ab4ec852656f8833c3160f4592cc547	085fb3acabcbf80ef1bf47daec50d246475b072b	9.35783768	2
a1be02429ab4ec852656f8833c3160f4592cc547	2532d0567c8334e4cadf282a73ffe399c1c32476	9.26458359	3
a1be02429ab4ec852656f8833c3160f4592cc547	4dd87fa846dc344dcce5fb12de283a0d51dfe140	9.04442406	4
a1be02429ab4ec852656f8833c3160f4592cc547	6cbaa29841e96d7f5b910af0113adf13fd8a625c	8.92433929	5
a1f5c39aece58f6504e0334d96eaede32c7329cf	67efaba1be4c0462a5fc2ce9762f7edf9719c6a0	10.72379875	1
a1f5c39aece58f6504e0334d96eaede32c7329cf	4b1a53d987b20630679510c351f3a554faea5281	10.47657394	2
a1f5c39aece58f6504e0334d96eaede32c7329cf	312b125002101480693f6b842685d0bb0ca19096	10.46236229	3
a1f5c39aece58f6504e0334d96eaede32c7329cf	48d0fdea25539712d98f5408465affcaa23dc917	10.37846756	4
a1f5c39aece58f6504e0334d96eaede32c7329cf	50cc848978797112a27d124af57991321f545069	10.08618736	5
8ff6581f94c366e34c6f2d55806f7781194c33c8	21be31ffde44487ce2d69e36cc667edffceb87d0	10.21844101	1
8ff6581f94c366e34c6f2d55806f7781194c33c8	49deb46f1b045ee3b2f85d62015b9c42eb393e76	9.94924927	2
8ff6581f94c366e34c6f2d55806f7781194c33c8	250f1496d3b889e145c77cf15d4c8b12b0226777	9.61875343	3
8ff6581f94c366e34c6f2d55806f7781194c33c8	342f0a9db326eb32df8edb8268e573ea6c7d3999	9.29079342	4
8ff6581f94c366e34c6f2d55806f7781194c33c8	5de3ba76eeead6a6ee3295220080ee881f84bd27	9.25621223	5
fd65ca4e3ae95302f74bf863988cdb95d6a12824	67efaba1be4c0462a5fc2ce9762f7edf9719c6a0	14.72949696	1
fd65ca4e3ae95302f74bf863988cdb95d6a12824	cfcf81f0bb3a88ff84a16905af46e9314e6e5fc1	14.52326584	2
fd65ca4e3ae95302f74bf863988cdb95d6a12824	286f0650438d0cc5123057909662d242d7bbce07	14.15904427	3
fd65ca4e3ae95302f74bf863988cdb95d6a12824	4b1a53d987b20630679510c351f3a554faea5281	14.14359283	4
fd65ca4e3ae95302f74bf863988cdb95d6a12824	48d0fdea25539712d98f5408465affcaa23dc917	14.09477425	5
3565d884735ead613a5aa0903f06a2cc86d05b6b	656dce6c2b7315518cf0aea5d5b2500f869ab223	18.74271393	1
3565d884735ead613a5aa0903f06a2cc86d05b6b	760c81c0a19f8358dde38691b81fe2f20c829b44	18.32507324	2
3565d884735ead613a5aa0903f06a2cc86d05b6b	7df9117c67587f516fd4b13bd9df88aff9ab79b3	18.06175613	3
3565d884735ead613a5aa0903f06a2cc86d05b6b	8889c38ddd610e0df7dc96c24fa5c4b76a92e110	15.98722839	4
3565d884735ead613a5aa0903f06a2cc86d05b6b	12e54895e1d3da2fb75a6bb8f84c8d1f5108d632	15.16464806	5
c2e57b2871fdfd06566820c5329815ac06f66197	8d4d06159413e1bb65ef218b4c78664d84a9b3c3	12.75943947	1
c2e57b2871fdfd06566820c5329815ac06f66197	11f8c51cf54e0ea2dec517a3635771e4bb946fb4	12.32276440	2
c2e57b2871fdfd06566820c5329815ac06f66197	ec9cdc9367b62ec5237ad9627273196d7f6f04c5	11.72998142	3
c2e57b2871fdfd06566820c5329815ac06f66197	1717dee0e8785d963e0333a0bb945757444bb651	11.56849289	4
c2e57b2871fdfd06566820c5329815ac06f66197	0299e59b518fcc29f08c88701e64a3e1621172fe	11.24427032	5
59e2037f5079794cb9128c7f0900a568ced14c2a	04c2cda00e5536f4b1508cbd80041e9552880e67	8.66898918	1
59e2037f5079794cb9128c7f0900a568ced14c2a	1324708ddf12d7940bc2377131e54d97111a1197	8.33880043	2
59e2037f5079794cb9128c7f0900a568ced14c2a	332fc63569a1fb07f9c61d886ba1b1328da7638b	8.25646400	3
59e2037f5079794cb9128c7f0900a568ced14c2a	1beddcd2cee2a18e6875d0a624541f1c378cdde8	8.02825832	4
59e2037f5079794cb9128c7f0900a568ced14c2a	ca20b05926f4f754912dbbfa79aa3de38640c652	7.99659729	5
3f95e155b1c40911149fe994197a502ef44ebbbe	8fdeffbf8d1fa688d74db882a1d8c7ebc596534b	11.06835079	1
3f95e155b1c40911149fe994197a502ef44ebbbe	1a43325def098ee57ff6f1c0b19a30811fe92304	10.73155308	2
3f95e155b1c40911149fe994197a502ef44ebbbe	ca7abe84edfd596ee7f065512084bfe256864e83	10.30068302	3
3f95e155b1c40911149fe994197a502ef44ebbbe	9d4a2052502fe2c60e48d7c8997da1269df6f48f	10.08006859	4
3f95e155b1c40911149fe994197a502ef44ebbbe	f9023f510ca00a17b678e54af1187d5e5177d784	9.83717346	5
0674058618d04def58c79a0b28174301ef591433	487203d0d87cc706ed90e40d3bc181e5779f1b87	13.49993992	1
0674058618d04def58c79a0b28174301ef591433	9cd3ba0489f2e7bd95216236d1331208f15923c8	13.43843842	2
0674058618d04def58c79a0b28174301ef591433	126a237502b3c55d015bf1a825b38349c200d518	13.33566666	3
0674058618d04def58c79a0b28174301ef591433	6ae0a919ffee81098c9769a4503cc15e42c5b585	13.26063251	4
0674058618d04def58c79a0b28174301ef591433	e28935d4570b8e3c67b16080fc533bceffff4548	13.24332237	5
23a7c8d9f142184d28e56b0751e172fef6539275	1b2a8dc42d6eebc937c9642799a6de87985c3da6	8.59127522	1
23a7c8d9f142184d28e56b0751e172fef6539275	244fa023adbbff31806ded21d5b2f36afd3ff988	8.54039001	2
23a7c8d9f142184d28e56b0751e172fef6539275	7d0e27146e8bf64978e97ed1fdeb163e39f73a19	8.53290081	3
23a7c8d9f142184d28e56b0751e172fef6539275	1532b1ceb90272770b9ad0cee8cd572164be658f	8.03420830	4
23a7c8d9f142184d28e56b0751e172fef6539275	c2ac213982e189e4ad4c7f60608914a489ec9051	7.96130323	5
ee6b940d3ae36f9b124586b15a49cec45f24b90a	54797270f673a2efc9c4b86b5de3befa59b13bd2	14.16090202	1
ee6b940d3ae36f9b124586b15a49cec45f24b90a	4e74cadb44acfe373940f0b151c41ef3a02b9b0c	13.83642864	2
ee6b940d3ae36f9b124586b15a49cec45f24b90a	fd0ff7873f6465c6dd0ed0bdfe4b10c91ce1fa7d	13.64107037	3
ee6b940d3ae36f9b124586b15a49cec45f24b90a	bd5c67bf72da28a5f4bc06e58555683505d10ef1	13.19478989	4
ee6b940d3ae36f9b124586b15a49cec45f24b90a	f24a1af3bd8873920593786d81590d29520cfebc	12.76154613	5
2bd338ef8751b62d23e53fbb44d67042d634da2f	a10b7a2c80e2bae49d46b980ed03c074fe36bb2a	12.22507286	1
2bd338ef8751b62d23e53fbb44d67042d634da2f	13e6aa5f61267b2814fa9b32f47c17c0fcdef2d5	12.11235523	2
2bd338ef8751b62d23e53fbb44d67042d634da2f	84c172ad228900b5fae49cf00aee3a8b0f64abb2	11.99614525	3
2bd338ef8751b62d23e53fbb44d67042d634da2f	5fe43f4d79d2829ba062fe9cf1711ee60903dd24	11.92492104	4
2bd338ef8751b62d23e53fbb44d67042d634da2f	40f5cc97ff200cfa17d7a3ce5a64176841075247	11.80671597	5
ddbb6e0913ac127004be73e2d4097513a8f02d37	0fdc52fd773f5fa34ff4d4f66e1c4dffee884ff0	12.54879475	1
ddbb6e0913ac127004be73e2d4097513a8f02d37	b1c6f513e347ed9fbf508bd67f763407fa6d5ec6	12.24833012	2
ddbb6e0913ac127004be73e2d4097513a8f02d37	4d2bd65a4b24679d4c440afc6fe88f13229e644d	12.24532700	3
ddbb6e0913ac127004be73e2d4097513a8f02d37	2f813885f3ac7be62894b182fa3c5d7a8226a480	11.86860847	4
ddbb6e0913ac127004be73e2d4097513a8f02d37	662089d17a0f4518b08b76274aa842134990134f	11.75698662	5
d6b56cc6e05300426b6194dd3f6a38720678827e	a3a7ba295543b637eac79db24436b96356944375	9.52030182	1
d6b56cc6e05300426b6194dd3f6a38720678827e	76fee58c7308b185db38d4177d04902172993561	8.79147911	2
d6b56cc6e05300426b6194dd3f6a38720678827e	2fc1e38198f2961969f3863230c0a2993e156506	8.77936935	3
d6b56cc6e05300426b6194dd3f6a38720678827e	bd75508d29a69fbf3bf1454c06554e6850d76bd5	8.72221279	4
d6b56cc6e05300426b6194dd3f6a38720678827e	e352612f51ad34c764f128cc62e91b51fe7a9759	8.71822166	5
df39e24c3cc21dc4c79995ec2b424a37dac999c7	38418928d6d842fe6edadc809f384278d793d610	14.56511974	1
df39e24c3cc21dc4c79995ec2b424a37dac999c7	6f61d15a31d6d051aeee3bf6d1482d332e68ebfe	12.83343506	2
df39e24c3cc21dc4c79995ec2b424a37dac999c7	3ff79cf6df1937949cc9bc522041a9a39d314d83	12.66634274	3
df39e24c3cc21dc4c79995ec2b424a37dac999c7	107a53a46f3acda939d93c47009ab960d6a33464	12.64668751	4
df39e24c3cc21dc4c79995ec2b424a37dac999c7	651adaa058f821a890f2c5d1053d69eb481a8352	12.46716499	5
74bd4761b373447079c6e5cd31832c00fab2fa77	608bcf0c7a9432458ba104b0147cddc73c416bc5	11.53698158	1
74bd4761b373447079c6e5cd31832c00fab2fa77	b2593c4281a5c1b83f6861336834dbfc374f19b5	10.32020378	2
74bd4761b373447079c6e5cd31832c00fab2fa77	5304becaddedc7f91085e825f650187a1932fe60	9.82037926	3
74bd4761b373447079c6e5cd31832c00fab2fa77	bc3479f0bef8c6b154f78e8f41879c9e5e9cea95	9.70659256	4
74bd4761b373447079c6e5cd31832c00fab2fa77	6fcccd6def46a4dd50f85df4d4c011bd9f1855af	9.65115738	5
ddbf21ca1de9617894b15d45787a27557f02a494	7f90d5bdbc4caa78d1cec17326e417b98b07b399	10.83351707	1
ddbf21ca1de9617894b15d45787a27557f02a494	d582d6d459601eabeac24f4bb4231c3e93882259	10.24053192	2
ddbf21ca1de9617894b15d45787a27557f02a494	c951df3db2e0c515bdbdf681137cf6705ef61c0d	10.11124802	3
ddbf21ca1de9617894b15d45787a27557f02a494	b933c84d4c3bc27cda48eb47d68f3b1c197f2e5b	10.01800823	4
ddbf21ca1de9617894b15d45787a27557f02a494	4decf38323c8311fbbe50cb309e242bee671418a	9.76241302	5
f754cab548f2c209ea7d932084ef768b92b27614	598eadcca8ac9365d188157d585e076dc2ef60d9	11.44533157	1
f754cab548f2c209ea7d932084ef768b92b27614	9304f80fbca5bfdcc3820543d186d2b2da5b1c4d	11.10820389	2
f754cab548f2c209ea7d932084ef768b92b27614	c60102d9d83000a7504c75f2a80605327420b96f	10.93964577	3
f754cab548f2c209ea7d932084ef768b92b27614	d26c4a0732acecb28dfa236b94958b4472466dff	10.82459831	4
f754cab548f2c209ea7d932084ef768b92b27614	791a15d362ce6b8dff856e7a79df90d02e985f97	10.53439713	5
test-environment-aeghhgwpe-pro02a	test-environment-aeghhgwpe-pro02a	24.35508728	1
test-environment-aeghhgwpe-pro02a	test-environment-aeghhgwpe-pro02b	23.50752258	2
test-environment-aeghhgwpe-pro02a	test-environment-aeghhgwpe-pro04b	22.18586731	3
test-environment-aeghhgwpe-pro02a	test-environment-aeghhgwpe-pro03a	22.13971901	4
test-environment-aeghhgwpe-pro02a	test-environment-aeghhgwpe-con02a	21.34751320	5
test-environment-aeghhgwpe-pro01a	test-environment-aeghhgwpe-pro01a	23.42262650	1
test-environment-aeghhgwpe-pro01a	test-philosophy-apessghwba-pro02b	22.83644104	2
test-environment-aeghhgwpe-pro01a	training-environment-ahwbsawhnbsf-pro02a	22.55505180	3
test-environment-aeghhgwpe-pro01a	training-environment-aelmmhbahr-pro04b	22.26801300	4
test-environment-aeghhgwpe-pro01a	validation-environment-rahwbuaosae-pro01b	22.25361252	5
test-environment-aeghhgwpe-pro03a	test-environment-aeghhgwpe-pro03a	24.28871918	1
test-environment-aeghhgwpe-pro03a	test-environment-aeghhgwpe-pro03b	21.94640732	2
test-environment-aeghhgwpe-pro03a	test-environment-aeghhgwpe-con02a	21.62145996	3
test-environment-aeghhgwpe-pro03a	test-environment-aeghhgwpe-pro04b	21.54125595	4
test-environment-aeghhgwpe-pro03a	test-environment-aeghhgwpe-con02b	21.53866959	5
test-environment-aeghhgwpe-pro04a	test-environment-aeghhgwpe-pro04a	25.77104187	1
test-environment-aeghhgwpe-pro04a	test-environment-aeghhgwpe-pro04b	24.49606895	2
test-environment-aeghhgwpe-pro04a	test-environment-aeghhgwpe-pro03a	22.08324623	3
test-environment-aeghhgwpe-pro04a	test-environment-aeghhgwpe-con02b	20.90842247	4
test-environment-aeghhgwpe-pro04a	test-environment-aeghhgwpe-pro02a	20.88943481	5
test-environment-aeghhgwpe-con02a	test-environment-aeghhgwpe-con02a	23.14857864	1
test-environment-aeghhgwpe-con02a	test-environment-aeghhgwpe-con02b	22.63059235	2
test-environment-aeghhgwpe-con02a	test-environment-aeghhgwpe-pro03b	17.48236084	3
test-environment-aeghhgwpe-con02a	test-environment-aeghhgwpe-pro03a	16.51448822	4
test-environment-aeghhgwpe-con02a	test-environment-aeghhgwpe-pro02a	15.73168564	5
test-environment-aeghhgwpe-con03a	test-environment-aeghhgwpe-con03a	26.65143585	1
test-environment-aeghhgwpe-con03a	test-environment-aeghhgwpe-pro01b	23.33802986	2
test-environment-aeghhgwpe-con03a	training-environment-aelmmhbahr-con01a	21.98128319	3
test-environment-aeghhgwpe-con03a	validation-environment-rahwbuaosae-pro01b	21.53483772	4
test-environment-aeghhgwpe-con03a	test-environment-aeghhgwpe-con01a	21.43192673	5
test-environment-aeghhgwpe-con01a	test-environment-aeghhgwpe-con01a	25.47001266	1
test-environment-aeghhgwpe-con01a	test-environment-aeghhgwpe-con01b	22.16191292	2
test-environment-aeghhgwpe-con01a	test-environment-aeghhgwpe-pro01b	21.00217819	3
test-environment-aeghhgwpe-con01a	test-environment-aeghhgwpe-pro03b	20.27508163	4
test-environment-aeghhgwpe-con01a	test-environment-aeghhgwpe-con03a	20.08418083	5
test-environment-assgbatj-pro02a	test-environment-assgbatj-pro02a	26.10356712	1
test-environment-assgbatj-pro02a	test-philosophy-apessghwba-pro02a	25.68261909	2
test-environment-assgbatj-pro02a	test-environment-assgbatj-con05a	24.97321129	3
test-environment-assgbatj-pro02a	test-philosophy-apessghwba-con05a	24.41663742	4
test-environment-assgbatj-pro02a	test-philosophy-apessghwba-con03a	24.08683968	5
test-environment-assgbatj-pro05a	test-philosophy-apessghwba-pro05a	23.82780457	1
test-environment-assgbatj-pro05a	training-environment-ahwbsawhnbsf-pro02a	22.64662170	2
test-environment-assgbatj-pro05a	test-environment-assgbatj-pro05a	22.64028549	3
test-environment-assgbatj-pro05a	training-environment-ahwbsawhnbsf-pro03a	21.50973511	4
test-environment-assgbatj-pro05a	test-philosophy-apessghwba-pro01b	20.37241364	5
test-environment-assgbatj-pro01a	test-environment-assgbatj-pro01a	24.88671875	1
test-environment-assgbatj-pro01a	test-philosophy-apessghwba-pro01a	23.52372932	2
test-environment-assgbatj-pro01a	test-environment-aeghhgwpe-pro01b	23.00102997	3
test-environment-assgbatj-pro01a	test-environment-assgbatj-con01a	22.74790764	4
test-environment-assgbatj-pro01a	test-environment-aeghhgwpe-pro01a	22.68080902	5
test-environment-assgbatj-pro03a	test-environment-assgbatj-pro03a	24.30641174	1
test-environment-assgbatj-pro03a	test-philosophy-apessghwba-con03a	22.78944778	2
test-environment-assgbatj-pro03a	test-environment-assgbatj-con03a	22.52342033	3
test-environment-assgbatj-pro03a	test-philosophy-apessghwba-con02b	22.16792870	4
test-environment-assgbatj-pro03a	test-environment-assgbatj-con02a	22.13653564	5
test-environment-assgbatj-pro04a	test-environment-assgbatj-pro04a	22.97534943	1
test-environment-assgbatj-pro04a	test-philosophy-apessghwba-pro04a	22.31615829	2
test-environment-assgbatj-pro04a	test-environment-aeghhgwpe-pro01a	21.52061462	3
test-environment-assgbatj-pro04a	test-environment-assgbatj-pro01a	20.86107254	4
test-environment-assgbatj-pro04a	training-environment-aelmmhbahr-pro03a	20.55176544	5
test-environment-assgbatj-con02a	test-environment-assgbatj-con02a	27.47209930	1
test-environment-assgbatj-con02a	test-philosophy-apessghwba-con02a	26.08516502	2
test-environment-assgbatj-con02a	test-philosophy-apessghwba-con03a	23.75158119	3
test-environment-assgbatj-con02a	test-philosophy-apessghwba-con02b	23.60396576	4
test-environment-assgbatj-con02a	test-environment-assgbatj-con03a	23.27458572	5
test-environment-assgbatj-con05a	test-environment-assgbatj-con05a	26.33412552	1
test-environment-assgbatj-con05a	test-philosophy-apessghwba-con05a	25.82680893	2
test-environment-assgbatj-con05a	test-philosophy-apessghwba-pro02a	24.00244904	3
test-environment-assgbatj-con05a	test-environment-assgbatj-con05b	23.91718292	4
test-environment-assgbatj-con05a	test-science-eassgbatj-con05b	23.88182068	5
test-environment-assgbatj-con04a	test-environment-assgbatj-con04a	26.15388107	1
test-environment-assgbatj-con04a	test-philosophy-apessghwba-con04a	25.52518082	2
test-environment-assgbatj-con04a	test-philosophy-apessghwba-con04b	24.29777145	3
test-environment-assgbatj-con04a	test-philosophy-apessghwba-pro03b	24.12209702	4
test-environment-assgbatj-con04a	test-environment-assgbatj-con05a	23.73940849	5
test-environment-assgbatj-con03a	test-environment-assgbatj-con03a	26.69278336	1
test-environment-assgbatj-con03a	test-science-eassgbatj-con02b	25.36643219	2
test-environment-assgbatj-con03a	test-environment-assgbatj-con02b	25.33400536	3
test-environment-assgbatj-con03a	test-philosophy-apessghwba-con03a	23.95234680	4
test-environment-assgbatj-con03a	test-environment-assgbatj-pro03a	23.83718872	5
test-environment-assgbatj-con01a	test-environment-assgbatj-con01a	25.92533112	1
test-environment-assgbatj-con01a	training-environment-aelmmhbahr-pro01a	24.96643066	2
test-environment-assgbatj-con01a	training-environment-aelmmhbahr-con05b	24.78403282	3
test-environment-assgbatj-con01a	test-philosophy-apessghwba-con01a	24.66511536	4
test-environment-assgbatj-con01a	training-environment-aelmmhbahr-con02a	24.45943451	5
test-environment-aiahwagit-pro02a	test-environment-aiahwagit-pro02a	22.33697891	1
test-environment-aiahwagit-pro02a	test-international-iiahwagit-pro02b	21.90589142	2
test-environment-aiahwagit-pro02a	test-environment-aiahwagit-pro02b	21.48471260	3
test-environment-aiahwagit-pro02a	test-international-iiahwagit-con04b	20.49632072	4
test-environment-aiahwagit-pro02a	test-environment-aiahwagit-con04b	20.47040367	5
test-environment-aiahwagit-pro05a	test-environment-aiahwagit-pro05a	23.88690567	1
test-environment-aiahwagit-pro05a	test-international-iiahwagit-pro05b	22.09590912	2
test-environment-aiahwagit-pro05a	test-international-iiahwagit-con01b	20.82008743	3
test-environment-aiahwagit-pro05a	test-environment-aiahwagit-pro05b	20.64120865	4
test-environment-aiahwagit-pro05a	test-environment-aiahwagit-con01b	20.42086411	5
test-environment-aiahwagit-pro01a	test-environment-aiahwagit-pro01a	22.75084877	1
test-environment-aiahwagit-pro01a	training-environment-achbessbp-pro01a	21.03189659	2
test-environment-aiahwagit-pro01a	training-environment-achbessbp-pro02a	20.87353516	3
test-environment-aiahwagit-pro01a	training-environment-achbessbp-pro03b	20.21499252	4
test-environment-aiahwagit-pro01a	training-environment-achbessbp-con01a	20.19316483	5
test-environment-aiahwagit-pro03a	test-environment-aiahwagit-pro03a	27.83856392	1
test-environment-aiahwagit-pro03a	test-environment-aiahwagit-pro03b	27.01651001	2
test-environment-aiahwagit-pro03a	test-international-iiahwagit-pro03b	26.83291626	3
test-environment-aiahwagit-pro03a	test-environment-aiahwagit-con01a	25.48575592	4
test-environment-aiahwagit-pro03a	test-environment-aiahwagit-pro01a	25.26082039	5
test-environment-aiahwagit-pro04a	test-environment-aiahwagit-pro04a	27.09438324	1
test-environment-aiahwagit-pro04a	test-environment-aiahwagit-pro04b	25.31153488	2
test-environment-aiahwagit-pro04a	test-international-iiahwagit-pro04b	24.26578903	3
test-environment-aiahwagit-pro04a	test-environment-aiahwagit-con04a	23.80012512	4
test-environment-aiahwagit-pro04a	test-environment-aiahwagit-pro05b	22.24140930	5
test-environment-aiahwagit-con02a	test-environment-aiahwagit-con02a	26.25272369	1
test-environment-aiahwagit-con02a	test-international-iiahwagit-con02b	25.09478378	2
test-environment-aiahwagit-con02a	test-environment-aiahwagit-con02b	24.30740738	3
test-environment-aiahwagit-con02a	test-environment-aiahwagit-pro01a	22.56122971	4
test-environment-aiahwagit-con02a	test-environment-aiahwagit-pro02b	22.40344429	5
test-environment-aiahwagit-con04a	test-environment-aiahwagit-con04a	25.30250168	1
test-environment-aiahwagit-con04a	test-international-iiahwagit-con04b	23.71993828	2
test-environment-aiahwagit-con04a	test-international-iiahwagit-pro02b	23.57331848	3
test-environment-aiahwagit-con04a	test-environment-aiahwagit-con04b	23.12518501	4
test-environment-aiahwagit-con04a	test-environment-aiahwagit-pro05a	22.89383698	5
test-environment-aiahwagit-con03a	test-environment-aiahwagit-con03a	25.48279572	1
test-environment-aiahwagit-con03a	test-international-iiahwagit-con03b	21.08786392	2
test-environment-aiahwagit-con03a	test-environment-aiahwagit-con04a	20.69811249	3
test-environment-aiahwagit-con03a	test-environment-aiahwagit-con03b	20.53787041	4
test-environment-aiahwagit-con03a	test-environment-aiahwagit-pro04a	20.50738525	5
test-environment-aiahwagit-con01a	test-environment-aiahwagit-con01a	27.58633804	1
test-environment-aiahwagit-con01a	test-environment-aiahwagit-pro01b	22.70502663	2
test-environment-aiahwagit-con01a	test-environment-aiahwagit-con01b	22.03607559	3
test-environment-aiahwagit-con01a	test-environment-aiahwagit-pro04a	22.00021744	4
test-environment-aiahwagit-con01a	test-environment-aiahwagit-con03a	21.92877769	5
test-environment-ehwsnwu-pro02a	validation-education-uehwsnwu-pro02a	28.51500130	1
test-environment-ehwsnwu-pro02a	test-environment-ehwsnwu-pro02a	26.31407928	2
test-environment-ehwsnwu-pro02a	validation-education-uehwsnwu-pro02b	26.11133194	3
test-environment-ehwsnwu-pro02a	validation-education-uehwsnwu-pro01b	25.81176376	4
test-environment-ehwsnwu-pro02a	test-environment-ehwsnwu-con02b	25.53782463	5
test-environment-ehwsnwu-pro01a	validation-education-uehwsnwu-pro01a	27.13044930	1
test-environment-ehwsnwu-pro01a	validation-education-uehwsnwu-pro02b	25.77063370	2
test-environment-ehwsnwu-pro01a	validation-education-uehwsnwu-pro01b	25.57835770	3
test-environment-ehwsnwu-pro01a	test-environment-ehwsnwu-pro01a	25.29295349	4
test-environment-ehwsnwu-pro01a	validation-education-uehwsnwu-pro02a	24.85317993	5
test-environment-ehwsnwu-con02a	test-environment-ehwsnwu-con02a	26.40424919	1
test-environment-ehwsnwu-con02a	validation-education-uehwsnwu-con02a	25.28515053	2
test-environment-ehwsnwu-con02a	test-environment-ehwsnwu-pro01a	20.54589272	3
test-environment-ehwsnwu-con02a	validation-education-uehwsnwu-pro01a	20.44217300	4
test-environment-ehwsnwu-con02a	test-environment-ehwsnwu-pro01b	19.80755615	5
test-environment-ehwsnwu-con03a	validation-education-uehwsnwu-con03a	25.20715904	1
test-environment-ehwsnwu-con03a	test-environment-ehwsnwu-con03a	23.72654343	2
test-environment-ehwsnwu-con03a	validation-education-uehwsnwu-con03b	22.54432678	3
test-environment-ehwsnwu-con03a	test-environment-ehwsnwu-con03b	22.36218643	4
test-environment-ehwsnwu-con03a	training-environment-cephbesane-con02a	21.06932640	5
test-environment-ehwsnwu-con01a	validation-education-uehwsnwu-con01a	28.17590523	1
test-environment-ehwsnwu-con01a	validation-education-uehwsnwu-pro01b	24.26048660	2
test-environment-ehwsnwu-con01a	test-environment-ehwsnwu-con01a	23.92577362	3
test-environment-ehwsnwu-con01a	validation-education-uehwsnwu-pro02b	23.60608673	4
test-environment-ehwsnwu-con01a	validation-education-uehwsnwu-con01b	22.75632286	5
test-environment-chbwtlgcc-pro02a	test-environment-chbwtlgcc-pro02a	27.06256485	1
test-environment-chbwtlgcc-pro02a	test-environment-chbwtlgcc-pro02b	24.60243797	2
test-environment-chbwtlgcc-pro02a	training-environment-cpiahwdwf-con02a	21.79443359	3
test-environment-chbwtlgcc-pro02a	training-environment-cpiahwdwf-con02b	21.58062553	4
test-environment-chbwtlgcc-pro02a	test-environment-chbwtlgcc-pro01b	21.54721069	5
test-environment-chbwtlgcc-pro01a	test-environment-chbwtlgcc-pro01a	26.77933121	1
test-environment-chbwtlgcc-pro01a	test-environment-chbwtlgcc-pro04a	19.22022629	2
test-environment-chbwtlgcc-pro01a	test-environment-chbwtlgcc-pro01b	18.33937836	3
test-environment-chbwtlgcc-pro01a	test-international-iighbopcc-pro03a	18.08114243	4
test-environment-chbwtlgcc-pro01a	test-environment-chbwtlgcc-pro02b	17.81504822	5
test-environment-chbwtlgcc-pro03a	test-environment-chbwtlgcc-pro03a	24.04771233	1
test-environment-chbwtlgcc-pro03a	test-environment-chbwtlgcc-pro03b	22.17226028	2
test-environment-chbwtlgcc-pro03a	test-international-iighbopcc-pro01a	20.19654655	3
test-environment-chbwtlgcc-pro03a	test-international-iighbopcc-con02a	20.05898666	4
test-environment-chbwtlgcc-pro03a	test-environment-chbwtlgcc-pro01a	19.01172638	5
test-environment-chbwtlgcc-pro04a	test-environment-chbwtlgcc-pro04a	26.28903580	1
test-environment-chbwtlgcc-pro04a	test-environment-chbwtlgcc-con02a	20.17428589	2
test-environment-chbwtlgcc-pro04a	test-environment-chbwtlgcc-pro01b	19.98718643	3
test-environment-chbwtlgcc-pro04a	test-environment-chbwtlgcc-pro02a	19.39422035	4
test-environment-chbwtlgcc-pro04a	training-environment-crasbmurcc-con04a	18.21252060	5
test-environment-chbwtlgcc-con02a	test-environment-chbwtlgcc-con02a	26.24374008	1
test-environment-chbwtlgcc-con02a	test-environment-chbwtlgcc-con02b	20.56228638	2
test-environment-chbwtlgcc-con02a	test-environment-chbwtlgcc-pro04a	19.30789948	3
test-environment-chbwtlgcc-con02a	training-environment-crasbmurcc-pro03a	19.06547546	4
test-environment-chbwtlgcc-con02a	test-environment-chbwtlgcc-pro04b	18.78833008	5
test-environment-chbwtlgcc-con03a	test-environment-chbwtlgcc-con03a	23.12273788	1
test-environment-chbwtlgcc-con03a	training-environment-pscisghwbs3-con04a	18.33935738	2
test-environment-chbwtlgcc-con03a	training-free-speech-debate-ifcidffe-pro01a	18.05516815	3
test-environment-chbwtlgcc-con03a	training-free-speech-debate-ifcidffe-con03b	18.01262665	4
test-environment-chbwtlgcc-con03a	training-environment-pscisghwbs3-pro04b	17.73317146	5
test-environment-chbwtlgcc-con01a	test-environment-chbwtlgcc-con01a	28.71612549	1
test-environment-chbwtlgcc-con01a	test-environment-chbwtlgcc-pro03b	24.99427414	2
test-environment-chbwtlgcc-con01a	training-environment-echbcatspct-con01a	21.62164497	3
test-environment-chbwtlgcc-con01a	training-environment-echbcatspct-con03a	19.86378670	4
test-environment-chbwtlgcc-con01a	test-environment-chbwtlgcc-con01b	19.79309082	5
test-environment-opecewiahw-pro02a	test-environment-opecewiahw-pro02a	26.21817589	1
test-environment-opecewiahw-pro02a	test-environment-opecewiahw-con01a	22.38407707	2
test-environment-opecewiahw-pro02a	test-environment-opecewiahw-pro03a	22.12400436	3
test-environment-opecewiahw-pro02a	test-environment-opecewiahw-pro01a	22.05078888	4
test-environment-opecewiahw-pro02a	test-environment-opecewiahw-con04a	21.84412766	5
test-environment-opecewiahw-pro01a	test-environment-opecewiahw-pro01a	26.08642960	1
test-environment-opecewiahw-pro01a	training-environment-eegwiahbe-pro01a	24.09776115	2
test-environment-opecewiahw-pro01a	training-environment-eegwiahbe-pro02a	23.85194588	3
test-environment-opecewiahw-pro01a	test-environment-opecewiahw-con02b	23.30132294	4
test-environment-opecewiahw-pro01a	test-environment-opecewiahw-pro01b	23.06144333	5
test-environment-opecewiahw-pro03a	test-environment-opecewiahw-pro03a	25.71980095	1
test-environment-opecewiahw-pro03a	training-international-aghbuidrch-con01a	24.18296051	2
test-environment-opecewiahw-pro03a	training-international-aghbuidrch-pro02a	22.97141266	3
test-environment-opecewiahw-pro03a	training-international-aghbuidrch-pro04b	21.66712952	4
test-environment-opecewiahw-pro03a	training-international-aghbuidrch-con03a	20.63458443	5
test-environment-opecewiahw-pro04a	test-environment-opecewiahw-pro04a	27.44670486	1
test-environment-opecewiahw-pro04a	test-environment-opecewiahw-con03a	22.23897934	2
test-environment-opecewiahw-pro04a	test-environment-opecewiahw-con01a	22.06794930	3
test-environment-opecewiahw-pro04a	test-environment-opecewiahw-con02a	21.53265953	4
test-environment-opecewiahw-pro04a	test-environment-opecewiahw-con02b	20.17503357	5
test-environment-opecewiahw-con02a	test-environment-opecewiahw-con02a	24.14331818	1
test-environment-opecewiahw-con02a	training-environment-cegwhwbhd-con02b	22.61524582	2
test-environment-opecewiahw-con02a	training-environment-cegwhwbhd-con02a	22.59307480	3
test-environment-opecewiahw-con02a	training-environment-cegwhwbhd-con03a	22.07062149	4
test-environment-opecewiahw-con02a	training-environment-ogecephwgn-pro01a	21.71129417	5
test-environment-opecewiahw-con04a	test-environment-opecewiahw-con04a	19.96484756	1
test-environment-opecewiahw-con04a	test-health-dhiacihwph-pro04b	17.13313484	2
test-environment-opecewiahw-con04a	training-international-gsciidfi-pro02a	16.97633743	3
test-environment-opecewiahw-con04a	test-economy-bepiehbesa-con03a	16.81543732	4
test-environment-opecewiahw-con04a	test-health-dhiacihwph-pro04a	16.76953506	5
test-environment-opecewiahw-con03a	test-environment-opecewiahw-con03a	25.28699112	1
test-environment-opecewiahw-con03a	training-environment-cegwhwbhd-con03a	20.78499413	2
test-environment-opecewiahw-con03a	training-environment-cegwhwbhd-pro03b	19.02612114	3
test-environment-opecewiahw-con03a	training-environment-cegwhwbhd-pro03a	18.03372002	4
test-environment-opecewiahw-con03a	training-environment-eegwiahbe-con03a	17.97313499	5
test-environment-opecewiahw-con01a	test-environment-opecewiahw-con01a	24.46020126	1
test-environment-opecewiahw-con01a	test-environment-opecewiahw-pro02a	21.27896690	2
test-environment-opecewiahw-con01a	test-environment-opecewiahw-pro02b	20.52887726	3
test-environment-opecewiahw-con01a	test-environment-opecewiahw-con04a	20.21718788	4
test-environment-opecewiahw-con01a	test-environment-opecewiahw-con02a	19.38603210	5
test-health-hdond-pro02a	test-health-hdond-pro02a	25.60851288	1
test-health-hdond-pro02a	test-health-hpehwadvoee-pro05a	21.65667152	2
test-health-hdond-pro02a	test-health-hdond-pro01a	21.37871933	3
test-health-hdond-pro02a	test-health-hpehwadvoee-con03b	21.03923035	4
test-health-hdond-pro02a	test-health-hdond-pro01b	20.99078751	5
test-health-hdond-pro01a	test-health-hdond-pro01a	26.78969574	1
test-health-hdond-pro01a	test-health-hdond-con01b	24.78206062	2
test-health-hdond-pro01a	test-health-hdond-con01a	24.76764297	3
test-health-hdond-pro01a	test-health-hdond-con02b	24.59885406	4
test-health-hdond-pro01a	test-health-hdond-pro03a	24.20198441	5
test-health-hdond-pro03a	test-health-hdond-pro03a	27.76150894	1
test-health-hdond-pro03a	test-health-hdond-pro03b	26.69566727	2
test-health-hdond-pro03a	test-health-hpehwadvoee-pro03b	25.08173180	3
test-health-hdond-pro03a	test-health-hpehwadvoee-pro04a	24.01572037	4
test-health-hdond-pro03a	test-health-hpehwadvoee-con01b	23.55763245	5
test-health-hdond-pro04a	test-health-hdond-pro04a	25.89737701	1
test-health-hdond-pro04a	test-health-hpehwadvoee-con03b	25.74045944	2
test-health-hdond-pro04a	test-health-hpehwadvoee-pro05a	25.42313194	3
test-health-hdond-pro04a	test-health-hpehwadvoee-con03a	25.36109734	4
test-health-hdond-pro04a	test-health-hpehwadvoee-con04a	25.30477524	5
test-health-hdond-con02a	test-health-hdond-con02a	26.01545715	1
test-health-hdond-con02a	test-health-hdond-pro01a	22.91054153	2
test-health-hdond-con02a	test-health-hdond-pro01b	22.50515556	3
test-health-hdond-con02a	test-health-hdond-con01b	21.21606827	4
test-health-hdond-con02a	test-health-hdond-pro03a	21.19040680	5
test-health-hdond-con04a	test-health-hdond-con04a	27.92383957	1
test-health-hdond-con04a	test-health-hdond-pro04b	24.10361862	2
test-health-hdond-con04a	test-health-hdond-con04b	23.88443947	3
test-health-hdond-con04a	test-health-hdond-con01a	22.94791985	4
test-health-hdond-con04a	test-health-hdond-con03b	22.76467514	5
test-health-hdond-con03a	test-health-hdond-con03a	28.35206604	1
test-health-hdond-con03a	test-health-hdond-pro04b	26.32709885	2
test-health-hdond-con03a	test-health-hdond-pro04a	26.08482742	3
test-health-hdond-con03a	test-health-hdond-con03b	25.93924332	4
test-health-hdond-con03a	test-health-hdond-pro02b	24.96619797	5
test-health-hdond-con01a	training-health-fhhphwisu-pro04a	23.12132263	1
test-health-hdond-con01a	training-health-fhhphwisu-pro04b	22.48256302	2
test-health-hdond-con01a	training-health-ahghhwdsas-con05b	21.21221161	3
test-health-hdond-con01a	validation-health-hpiahbps-con01a	21.01562119	4
test-health-hdond-con01a	training-philosophy-iilepphbf-pro01a	20.79832268	5
test-health-ppelfhwbpba-pro02a	test-health-ppelfhwbpba-pro02a	27.99867439	1
test-health-ppelfhwbpba-pro02a	training-philosophy-tgppelhbwrc-con04a	24.57201004	2
test-health-ppelfhwbpba-pro02a	training-philosophy-tgppelhbwrc-con04b	23.75570107	3
test-health-ppelfhwbpba-pro02a	test-health-ppelfhwbpba-pro02b	23.65172958	4
test-health-ppelfhwbpba-pro02a	test-health-ppelfhwbpba-con01b	23.64133072	5
test-health-ppelfhwbpba-pro01a	test-health-ppelfhwbpba-con02b	25.22295380	1
test-health-ppelfhwbpba-pro01a	test-health-ppelfhwbpba-pro01a	25.19824600	2
test-health-ppelfhwbpba-pro01a	test-health-ppelfhwbpba-pro02b	23.04098892	3
test-health-ppelfhwbpba-pro01a	test-health-ppelfhwbpba-pro02a	22.90753555	4
test-health-ppelfhwbpba-pro01a	training-philosophy-tgppelhbwrc-con04b	22.90453720	5
test-health-ppelfhwbpba-pro03a	test-health-ppelfhwbpba-pro03a	24.03501701	1
test-health-ppelfhwbpba-pro03a	test-health-ppelfhwbpba-pro03b	22.50751686	2
test-health-ppelfhwbpba-pro03a	training-philosophy-tgppelhbwrc-con03a	21.88040161	3
test-health-ppelfhwbpba-pro03a	training-philosophy-tgppelhbwrc-con04a	21.61143303	4
test-health-ppelfhwbpba-pro03a	training-philosophy-olrfhwapgs-con02b	21.38133240	5
test-health-ppelfhwbpba-pro04a	test-health-ppelfhwbpba-pro04a	25.80274391	1
test-health-ppelfhwbpba-pro04a	test-health-ppelfhwbpba-pro04b	23.58683395	2
test-health-ppelfhwbpba-pro04a	test-health-ppelfhwbpba-con02b	23.47312546	3
test-health-ppelfhwbpba-pro04a	test-health-ppelfhwbpba-con02a	23.03012466	4
test-health-ppelfhwbpba-pro04a	test-health-ppelfhwbpba-pro01b	22.96994400	5
test-health-ppelfhwbpba-con02a	test-health-ppelfhwbpba-con02a	25.51942825	1
test-health-ppelfhwbpba-con02a	test-health-ppelfhwbpba-con02b	23.66110229	2
test-health-ppelfhwbpba-con02a	test-health-ppelfhwbpba-pro04a	23.48271179	3
test-health-ppelfhwbpba-con02a	test-health-ppelfhwbpba-pro04b	23.24050331	4
test-health-ppelfhwbpba-con02a	test-health-ppelfhwbpba-pro02a	21.98674774	5
test-health-ppelfhwbpba-con03a	test-health-ppelfhwbpba-con03b	22.38764000	1
test-health-ppelfhwbpba-con03a	test-health-ppelfhwbpba-con03a	22.32689667	2
test-health-ppelfhwbpba-con03a	test-health-ppelfhwbpba-con02b	19.39109421	3
test-health-ppelfhwbpba-con03a	test-health-ppelfhwbpba-pro01a	19.07201958	4
test-health-ppelfhwbpba-con03a	test-health-ppelfhwbpba-pro02b	18.81077003	5
test-health-ppelfhwbpba-con01a	test-health-ppelfhwbpba-con01a	27.20173454	1
test-health-ppelfhwbpba-con01a	test-health-ppelfhwbpba-con01b	24.22816086	2
test-health-ppelfhwbpba-con01a	training-philosophy-tgppelhbwrc-pro02a	23.72864151	3
test-health-ppelfhwbpba-con01a	test-health-ppelfhwbpba-pro01b	23.15893936	4
test-health-ppelfhwbpba-con01a	test-health-ppelfhwbpba-pro01a	23.12408447	5
test-health-dhgsshbesbc-pro02a	test-health-dhgsshbesbc-pro02a	25.90342903	1
test-health-dhgsshbesbc-pro02a	test-health-dhgsshbesbc-pro03a	24.74213791	2
test-health-dhgsshbesbc-pro02a	test-health-dhgsshbesbc-pro01a	24.49614525	3
test-health-dhgsshbesbc-pro02a	test-health-dhgsshbesbc-pro01b	23.74919701	4
test-health-dhgsshbesbc-pro02a	test-health-dhgsshbesbc-con03a	23.74524689	5
test-health-dhgsshbesbc-pro01a	test-health-dhgsshbesbc-pro01a	21.71216583	1
test-health-dhgsshbesbc-pro01a	test-health-dhgsshbesbc-con01b	20.41405869	2
test-health-dhgsshbesbc-pro01a	test-health-dhgsshbesbc-pro02b	19.67262650	3
test-health-dhgsshbesbc-pro01a	test-health-dhgsshbesbc-con01a	19.07120514	4
test-health-dhgsshbesbc-pro01a	test-health-dhgsshbesbc-pro01b	19.00368500	5
test-health-dhgsshbesbc-pro03a	test-health-dhgsshbesbc-pro03a	23.73175812	1
test-health-dhgsshbesbc-pro03a	test-health-dhgsshbesbc-con02b	20.98111153	2
test-health-dhgsshbesbc-pro03a	test-health-dhgsshbesbc-con02a	20.75135231	3
test-health-dhgsshbesbc-pro03a	test-health-dhgsshbesbc-con01a	19.98861694	4
test-health-dhgsshbesbc-pro03a	test-health-dhgsshbesbc-con01b	19.68996429	5
test-health-dhgsshbesbc-pro04a	test-health-dhgsshbesbc-pro04a	25.38871193	1
test-health-dhgsshbesbc-pro04a	test-health-dhgsshbesbc-pro01a	21.70314789	2
test-health-dhgsshbesbc-pro04a	test-health-dhgsshbesbc-pro01b	21.38479042	3
test-health-dhgsshbesbc-pro04a	test-health-dhgsshbesbc-con02a	20.98195076	4
test-health-dhgsshbesbc-pro04a	test-health-dhgsshbesbc-pro04b	20.97070312	5
test-health-dhgsshbesbc-con02a	test-health-dhgsshbesbc-con02a	25.71947098	1
test-health-dhgsshbesbc-con02a	test-health-dhgsshbesbc-pro04a	22.59585953	2
test-health-dhgsshbesbc-con02a	test-health-dhgsshbesbc-con01a	22.21272659	3
test-health-dhgsshbesbc-con02a	test-health-dhgsshbesbc-pro01a	22.18093109	4
test-health-dhgsshbesbc-con02a	test-health-dhgsshbesbc-pro01b	22.03533554	5
test-health-dhgsshbesbc-con03a	test-health-dhgsshbesbc-con03a	24.76833153	1
test-health-dhgsshbesbc-con03a	test-health-dhgsshbesbc-con01a	21.18012619	2
test-health-dhgsshbesbc-con03a	training-philosophy-olrfhwapgs-con03b	20.51122665	3
test-health-dhgsshbesbc-con03a	test-health-dhgsshbesbc-con02a	20.03647995	4
test-health-dhgsshbesbc-con03a	training-philosophy-olrfhwapgs-con03a	19.68277740	5
test-health-dhgsshbesbc-con01a	test-health-dhgsshbesbc-con01a	24.62144089	1
test-health-dhgsshbesbc-con01a	test-health-dhgsshbesbc-pro02b	21.85262299	2
test-health-dhgsshbesbc-con01a	test-health-dhgsshbesbc-con01b	21.45448112	3
test-health-dhgsshbesbc-con01a	training-philosophy-olrfhwapgs-pro02a	20.96140671	4
test-health-dhgsshbesbc-con01a	training-education-eghhwmvc-con02b	20.48258781	5
test-health-dhiacihwph-pro02a	test-health-dhiacihwph-pro02a	23.23862648	1
test-health-dhiacihwph-pro02a	test-health-dhiacihwph-pro01a	20.07725525	2
test-health-dhiacihwph-pro02a	validation-health-hpiahbps-con01b	19.12641335	3
test-health-dhiacihwph-pro02a	test-health-dhiacihwph-pro02b	19.03087425	4
test-health-dhiacihwph-pro02a	test-health-dhiacihwph-con01a	19.01480865	5
test-health-dhiacihwph-pro01a	test-health-dhghwapgd-pro02a	24.69375229	1
test-health-dhiacihwph-pro01a	test-health-dhiacihwph-con02a	24.16704559	2
test-health-dhiacihwph-pro01a	test-health-dhiacihwph-pro01a	24.14103127	3
test-health-dhiacihwph-pro01a	test-health-dhiacihwph-con02b	24.04733658	4
test-health-dhiacihwph-pro01a	test-health-dhiacihwph-con01a	23.62314796	5
test-health-dhiacihwph-pro03a	test-health-dhghwapgd-con01a	23.15124130	1
test-health-dhiacihwph-pro03a	test-health-dhghwapgd-pro03a	22.58031082	2
test-health-dhiacihwph-pro03a	test-health-dhghwapgd-con01b	22.36045456	3
test-health-dhiacihwph-pro03a	test-health-dhiacihwph-pro03a	21.96916008	4
test-health-dhiacihwph-pro03a	test-health-dhghwapgd-pro02b	21.75837517	5
test-health-dhiacihwph-pro04a	test-health-dhiacihwph-pro04a	24.66846085	1
test-health-dhiacihwph-pro04a	training-science-cidfiphwa-pro01b	20.43075943	2
test-health-dhiacihwph-pro04a	test-society-asfhwapg-con02b	20.39795494	3
test-health-dhiacihwph-pro04a	training-environment-cpiahwdwf-pro04b	20.32978249	4
test-health-dhiacihwph-pro04a	test-society-asfhwapg-pro02b	20.23286438	5
test-health-dhiacihwph-con02a	test-health-dhiacihwph-con02a	24.35751343	1
test-health-dhiacihwph-con02a	test-health-dhghwapgd-con01a	24.26475525	2
test-health-dhiacihwph-con02a	training-health-bhhghwapc-con02a	23.65930939	3
test-health-dhiacihwph-con02a	test-health-dhiacihwph-con02b	23.30706215	4
test-health-dhiacihwph-con02a	test-health-dhghwapgd-pro03a	23.27124405	5
test-health-dhiacihwph-con03a	test-health-dhiacihwph-con03a	25.05368423	1
test-health-dhiacihwph-con03a	test-health-dhiacihwph-con02b	24.16629982	2
test-health-dhiacihwph-con03a	test-health-dhghwapgd-pro02b	23.59853363	3
test-health-dhiacihwph-con03a	test-health-dhghwapgd-con01b	23.52788353	4
test-health-dhiacihwph-con03a	test-health-dhghwapgd-pro03b	23.43049240	5
test-health-dhiacihwph-con01a	test-health-dhiacihwph-con01a	25.84173965	1
test-health-dhiacihwph-con01a	test-health-dhghwapgd-pro02b	24.38845062	2
test-health-dhiacihwph-con01a	test-health-dhghwapgd-con01a	23.96407700	3
test-health-dhiacihwph-con01a	test-health-dhiacihwph-con02b	23.80545044	4
test-health-dhiacihwph-con01a	test-health-dhghwapgd-pro03a	23.67125702	5
test-health-ahiahbgbsp-pro02a	test-economy-bhahwbsps-pro03a	26.14701462	1
test-health-ahiahbgbsp-pro02a	test-health-ahiahbgbsp-pro02a	26.08335686	2
test-health-ahiahbgbsp-pro02a	test-economy-bhahwbsps-pro04a	25.44819260	3
test-health-ahiahbgbsp-pro02a	training-health-adhgphwfrs-pro01b	24.85501480	4
test-health-ahiahbgbsp-pro02a	test-health-ahiahbgbsp-pro03a	24.60240746	5
test-health-ahiahbgbsp-pro05a	test-health-ahiahbgbsp-pro05a	25.23488235	1
test-health-ahiahbgbsp-pro05a	test-health-ahiahbgbsp-pro02a	22.66320801	2
test-health-ahiahbgbsp-pro05a	test-health-ahiahbgbsp-con02b	21.86745453	3
test-health-ahiahbgbsp-pro05a	test-health-ahiahbgbsp-pro01a	21.62169647	4
test-health-ahiahbgbsp-pro05a	test-health-ahiahbgbsp-pro02b	21.26629829	5
test-health-ahiahbgbsp-pro01a	test-health-ahiahbgbsp-pro01a	25.07530594	1
test-health-ahiahbgbsp-pro01a	training-health-ahghhwdsas-pro02b	24.32638550	2
test-health-ahiahbgbsp-pro01a	test-health-ahiahbgbsp-pro01b	24.28910828	3
test-health-ahiahbgbsp-pro01a	training-health-ahghhwdsas-con03a	24.00452423	4
test-health-ahiahbgbsp-pro01a	training-health-ahghhwdsas-pro03a	23.61374664	5
test-health-ahiahbgbsp-pro03a	test-health-ahiahbgbsp-pro03a	26.47542191	1
test-health-ahiahbgbsp-pro03a	test-economy-bhahwbsps-pro04a	25.45728111	2
test-health-ahiahbgbsp-pro03a	test-economy-bhahwbsps-con01a	23.20353508	3
test-health-ahiahbgbsp-pro03a	test-economy-bhahwbsps-pro04b	23.07340622	4
test-health-ahiahbgbsp-pro03a	test-economy-bhahwbsps-con01b	23.06315613	5
test-health-ahiahbgbsp-pro04a	test-health-ahiahbgbsp-pro04a	23.68883705	1
test-health-ahiahbgbsp-pro04a	test-health-ahiahbgbsp-pro02a	21.84705544	2
test-health-ahiahbgbsp-pro04a	test-health-ahiahbgbsp-pro01a	21.81246948	3
test-health-ahiahbgbsp-pro04a	test-health-ahiahbgbsp-pro01b	21.78200150	4
test-health-ahiahbgbsp-pro04a	test-economy-bhahwbsps-pro02a	21.76479340	5
test-health-ahiahbgbsp-con02a	test-health-ahiahbgbsp-con02a	26.17410660	1
test-health-ahiahbgbsp-con02a	test-health-ahiahbgbsp-pro03a	23.47125435	2
test-health-ahiahbgbsp-con02a	test-health-ahiahbgbsp-con02b	23.18348122	3
test-health-ahiahbgbsp-con02a	test-health-ahiahbgbsp-pro03b	22.68689919	4
test-health-ahiahbgbsp-con02a	test-health-ahiahbgbsp-con01b	22.11968422	5
test-health-ahiahbgbsp-con04a	test-health-ahiahbgbsp-con04a	24.34147644	1
test-health-ahiahbgbsp-con04a	test-economy-thhghwhwift-con01b	19.56175232	2
test-health-ahiahbgbsp-con04a	test-economy-thhghwhwift-pro02a	19.27244949	3
test-health-ahiahbgbsp-con04a	test-economy-thhghwhwift-con01a	19.08100510	4
test-health-ahiahbgbsp-con04a	validation-health-dhwiftj-pro02a	19.03859329	5
test-health-ahiahbgbsp-con03a	test-health-ahiahbgbsp-con03a	25.83572006	1
test-health-ahiahbgbsp-con03a	test-economy-bhahwbsps-con03a	25.53377151	2
test-health-ahiahbgbsp-con03a	test-economy-bhahwbsps-con03b	25.20099068	3
test-health-ahiahbgbsp-con03a	test-economy-bhahwbsps-pro03a	24.06135750	4
test-health-ahiahbgbsp-con03a	test-economy-bhahwbsps-con02a	23.73148346	5
test-health-ahiahbgbsp-con01a	test-health-ahiahbgbsp-con01a	24.03816986	1
test-health-ahiahbgbsp-con01a	test-economy-bhahwbsps-pro01a	23.30747986	2
test-health-ahiahbgbsp-con01a	test-economy-bhahwbsps-pro03b	22.97625732	3
test-health-ahiahbgbsp-con01a	test-economy-bhahwbsps-con01b	22.81206512	4
test-health-ahiahbgbsp-con01a	test-economy-bhahwbsps-con02a	22.79664803	5
test-health-hgwhwbjfs-pro02a	test-health-hgwhwbjfs-pro02a	24.60404205	1
test-health-hgwhwbjfs-pro02a	test-health-hgwhwbjfs-con02a	22.80099678	2
test-health-hgwhwbjfs-pro02a	test-health-hgwhwbjfs-con02b	22.53372955	3
test-health-hgwhwbjfs-pro02a	test-health-hgwhwbjfs-pro02b	21.70646286	4
test-health-hgwhwbjfs-pro02a	test-health-hgwhwbjfs-pro01a	21.52109146	5
test-health-hgwhwbjfs-pro01a	test-education-egscphsrdt-con03a	20.50902176	1
test-health-hgwhwbjfs-pro01a	training-religion-cghwrwugapa-pro05a	19.78699493	2
test-health-hgwhwbjfs-pro01a	test-education-egscphsrdt-pro02a	19.63947105	3
test-health-hgwhwbjfs-pro01a	training-education-shbpshrpe-con03a	19.61482048	4
test-health-hgwhwbjfs-pro01a	training-education-shbpshrpe-pro03b	19.54156113	5
test-health-hgwhwbjfs-pro03a	test-health-hgwhwbjfs-pro03a	23.14462662	1
test-health-hgwhwbjfs-pro03a	test-education-pshhghwpba0-pro03a	19.20275688	2
test-health-hgwhwbjfs-pro03a	test-health-hgwhwbjfs-con01b	18.90917778	3
test-health-hgwhwbjfs-pro03a	validation-education-sthwiyrs-pro01a	18.87738800	4
test-health-hgwhwbjfs-pro03a	training-sport-ehcpssohwpup-pro02b	18.70438766	5
test-health-hgwhwbjfs-con02a	test-health-hgwhwbjfs-con02a	25.00289154	1
test-health-hgwhwbjfs-con02a	training-education-eghbpsbhrt-pro02a	21.10390472	2
test-health-hgwhwbjfs-con02a	test-health-hgwhwbjfs-pro02a	21.03265572	3
test-health-hgwhwbjfs-con02a	training-education-eghbpsbhrt-con02a	20.74577332	4
test-health-hgwhwbjfs-con02a	test-health-hgwhwbjfs-con02b	20.70697021	5
test-health-hgwhwbjfs-con04a	test-health-hgwhwbjfs-con04a	27.33734322	1
test-health-hgwhwbjfs-con04a	test-health-hgwhwbjfs-con02b	25.38675499	2
test-health-hgwhwbjfs-con04a	test-health-hgwhwbjfs-con02a	24.57900429	3
test-health-hgwhwbjfs-con04a	test-health-hgwhwbjfs-pro03a	24.50364113	4
test-health-hgwhwbjfs-con04a	test-health-hgwhwbjfs-con04b	24.43357658	5
test-health-hgwhwbjfs-con03a	test-health-hgwhwbjfs-con03a	28.02382088	1
test-health-hgwhwbjfs-con03a	test-health-hgwhwbjfs-pro03a	23.74835968	2
test-health-hgwhwbjfs-con03a	test-health-hgwhwbjfs-pro03b	23.33113289	3
test-health-hgwhwbjfs-con03a	test-health-hgwhwbjfs-con04a	23.14724159	4
test-health-hgwhwbjfs-con03a	test-health-hgwhwbjfs-pro02b	23.14325714	5
test-health-hgwhwbjfs-con01a	test-health-hgwhwbjfs-con01a	25.32209396	1
test-health-hgwhwbjfs-con01a	test-health-hgwhwbjfs-pro02a	23.53616905	2
test-health-hgwhwbjfs-con01a	test-health-hgwhwbjfs-pro03b	23.09747505	3
test-health-hgwhwbjfs-con01a	test-health-hgwhwbjfs-con04a	23.07875824	4
test-health-hgwhwbjfs-con01a	test-health-hgwhwbjfs-pro01b	22.98125458	5
test-health-hpehwadvoee-pro02a	test-health-hpehwadvoee-pro02a	25.58562279	1
test-health-hpehwadvoee-pro02a	test-health-dhpelhbass-pro03b	19.92277908	2
test-health-hpehwadvoee-pro02a	training-religion-mhwkosm-pro04b	19.90367126	3
test-health-hpehwadvoee-pro02a	test-health-dhpelhbass-con01a	19.72741127	4
test-health-hpehwadvoee-pro02a	test-health-dhpelhbass-pro03a	19.65137291	5
test-health-hpehwadvoee-pro05a	test-health-hpehwadvoee-pro05a	23.94808197	1
test-health-hpehwadvoee-pro05a	test-health-hdond-pro02a	20.90171814	2
test-health-hpehwadvoee-pro05a	test-health-hdond-pro02b	20.78414726	3
test-health-hpehwadvoee-pro05a	test-health-hpehwadvoee-con03b	20.69558334	4
test-health-hpehwadvoee-pro05a	test-health-hpehwadvoee-pro05b	20.46526909	5
test-health-hpehwadvoee-pro01a	training-environment-aelmmhbahr-pro02a	21.97431755	1
test-health-hpehwadvoee-pro01a	training-environment-aelmmhbahr-con01a	21.86722946	2
test-health-hpehwadvoee-pro01a	test-environment-aeghhgwpe-con03a	21.81036758	3
test-health-hpehwadvoee-pro01a	training-philosophy-lsfhwnhc-con02a	21.10567856	4
test-health-hpehwadvoee-pro01a	training-environment-aelmmhbahr-pro02b	20.90538406	5
test-health-hpehwadvoee-pro03a	test-health-hpehwadvoee-pro03a	24.57876015	1
test-health-hpehwadvoee-pro03a	training-international-ggvhwrkis-pro02a	24.33099365	2
test-health-hpehwadvoee-pro03a	validation-international-ahwrcim-pro03a	23.77197838	3
test-health-hpehwadvoee-pro03a	training-philosophy-iilepphbf-pro01a	23.55514145	4
test-health-hpehwadvoee-pro03a	test-law-ilppppghb-pro03a	23.27730560	5
test-health-hpehwadvoee-pro04a	test-health-hpehwadvoee-pro04a	23.02387238	1
test-health-hpehwadvoee-pro04a	training-religion-mhwkosm-pro04b	21.73494720	2
test-health-hpehwadvoee-pro04a	test-health-hpehwadvoee-con01a	21.37314224	3
test-health-hpehwadvoee-pro04a	training-philosophy-tgppelhbwrc-con03b	20.65032959	4
test-health-hpehwadvoee-pro04a	test-health-dhpelhbass-con04a	20.62248993	5
test-health-hpehwadvoee-con02a	test-health-hpehwadvoee-con02a	24.93665504	1
test-health-hpehwadvoee-con02a	test-health-hpehwadvoee-con02b	22.69496918	2
test-health-hpehwadvoee-con02a	test-health-hpehwadvoee-con03a	22.49429321	3
test-health-hpehwadvoee-con02a	test-health-hpehwadvoee-pro04a	22.41075325	4
test-health-hpehwadvoee-con02a	test-health-hpehwadvoee-pro02b	22.22418976	5
test-health-hpehwadvoee-con05a	test-health-hpehwadvoee-con05a	26.49102402	1
test-health-hpehwadvoee-con05a	test-law-lgplhbssbco-pro02b	23.81135178	2
test-health-hpehwadvoee-con05a	test-health-dhpelhbass-pro01b	23.64539146	3
test-health-hpehwadvoee-con05a	test-health-dhpelhbass-con01b	23.61818314	4
test-health-hpehwadvoee-con05a	test-law-lgplhbssbco-pro01a	23.55535889	5
test-health-hpehwadvoee-con04a	test-health-hpehwadvoee-con04a	25.38646126	1
test-health-hpehwadvoee-con04a	test-law-lgplhbssbco-pro03a	24.10820007	2
test-health-hpehwadvoee-con04a	test-law-lgplhbssbco-pro01a	23.83040428	3
test-health-hpehwadvoee-con04a	test-law-lgplhbssbco-pro03b	23.29880524	4
test-health-hpehwadvoee-con04a	test-law-lgplhbssbco-pro01b	23.23103714	5
test-health-hpehwadvoee-con03a	test-health-hpehwadvoee-con03a	26.02657509	1
test-health-hpehwadvoee-con03a	test-health-hpehwadvoee-con03b	22.53667450	2
test-health-hpehwadvoee-con03a	test-health-hpehwadvoee-pro05a	21.97149658	3
test-health-hpehwadvoee-con03a	training-religion-mhwkosm-pro02b	21.95351982	4
test-health-hpehwadvoee-con03a	test-health-hpehwadvoee-pro03a	21.74885368	5
