8	65404	18.12313080	1
8	564553	16.14041138	2
8	590102	15.38617992	3
8	309023	15.26092052	4
8	318108	14.96626949	5
8	188893	14.94813824	6
8	86852	14.88091850	7
8	301833	14.77689934	8
8	261856	14.65232658	9
8	212713	14.29274082	10
8	596549	14.29004288	11
8	489199	14.03156948	12
8	12655	14.00691605	13
8	499889	13.85383606	14
8	449082	13.73048973	15
8	231279	13.65648079	16
8	329810	13.65011978	17
8	175196	13.64723015	18
8	457013	13.58684921	19
8	566392	13.57125473	20
15	284528	12.79940414	1
15	224000	12.55514908	2
15	420483	11.84466457	3
15	348480	11.74984169	4
15	466146	11.62203217	5
15	325273	11.60470295	6
15	337099	11.56636810	7
15	229251	11.49825478	8
15	151758	11.33583069	9
15	359387	11.26376343	10
15	538603	11.19690418	11
15	61057	11.11337280	12
15	435404	11.10573864	13
15	262405	10.99560070	14
15	92132	10.96371078	15
15	204288	10.93426991	16
15	433035	10.86489296	17
15	159837	10.81968784	18
15	170294	10.77898598	19
15	374100	10.77632523	20
18	377152	9.11109161	1
18	140097	8.87864017	2
18	58611	8.66439915	3
18	355513	8.40320587	4
18	397510	8.32912731	5
18	483354	8.31806087	6
18	88124	8.15925407	7
18	200023	8.07154942	8
18	391403	8.05537987	9
18	268257	8.04611588	10
18	78486	7.99230623	11
18	80866	7.81232452	12
18	385484	7.78800344	13
18	596549	7.77980900	14
18	504317	7.72330666	15
18	77818	7.71801281	16
18	172518	7.67390919	17
18	178942	7.65848732	18
18	75920	7.63068771	19
18	8415	7.62702656	20
26	483354	7.87668037	1
26	350819	7.72500849	2
26	500755	7.62465096	3
26	180071	7.44469929	4
26	470513	7.42494345	5
26	79136	7.41643143	6
26	176284	7.39787149	7
26	580172	7.37349796	8
26	336468	7.33193111	9
26	227910	7.33064079	10
26	24138	7.25462818	11
26	6341	7.22342825	12
26	128913	7.15979576	13
26	85517	7.13227320	14
26	274832	7.08602715	15
26	332979	7.04771852	16
26	553955	6.96285677	17
26	8892	6.93109512	18
26	285255	6.88459110	19
26	61706	6.88196182	20
34	551545	7.05668354	1
34	217557	6.84807777	2
34	168890	6.80175972	3
34	470267	6.57579994	4
34	483268	6.56186008	5
34	64459	6.53382683	6
34	89202	6.53267622	7
34	260998	6.51770830	8
34	357555	6.50544930	9
34	458917	6.49476194	10
34	8276	6.47820377	11
34	514968	6.44425344	12
34	179606	6.44349670	13
34	456526	6.41750145	14
34	482121	6.39220047	15
34	127664	6.36328316	16
34	591168	6.35749912	17
34	411354	6.34310865	18
34	95340	6.32926464	19
34	387876	6.32796288	20
42	571711	18.38813591	1
42	97719	17.99992752	2
42	272709	17.35908508	3
42	581265	17.33374405	4
42	427469	17.15258789	5
42	31144	17.01822662	6
42	40257	16.58943939	7
42	599876	16.55633545	8
42	305222	16.55204773	9
42	462831	16.33757782	10
42	510863	16.30593872	11
42	363495	16.29977417	12
42	100764	16.27594376	13
42	28764	16.26320267	14
42	536849	16.18494034	15
42	283079	16.03047562	16
42	339488	15.99437904	17
42	331981	15.93184662	18
42	221281	15.82550812	19
42	153377	15.79486179	20
56	181187	10.60992622	1
56	572690	9.99224567	2
56	334107	9.94793510	3
56	414834	9.91551208	4
56	594911	9.68683910	5
56	373059	9.56626129	6
56	524788	9.48783493	7
56	355513	9.38401413	8
56	480287	9.35468578	9
56	11295	9.31473541	10
56	534424	9.28691864	11
56	365092	9.25550270	12
56	562780	9.23968697	13
56	488113	9.18998909	14
56	357520	9.16100502	15
56	270426	9.10070419	16
56	178586	9.08967686	17
56	385881	9.06684875	18
56	108062	8.96812344	19
56	552756	8.95099354	20
68	327002	10.21430969	1
68	333440	10.17120934	2
68	97719	10.14233589	3
68	550647	10.05151653	4
68	571711	9.95610046	5
68	524879	9.92528152	6
68	339488	9.91672325	7
68	246461	9.87942505	8
68	40257	9.83305740	9
68	589416	9.75491238	10
68	18850	9.68128777	11
68	531578	9.67045975	12
68	220063	9.62963295	13
68	338700	9.55401707	14
68	331981	9.55362415	15
68	442142	9.54960251	16
68	434619	9.54818153	17
68	541809	9.50688171	18
68	153377	9.44957256	19
68	107213	9.44913483	20
89	309023	15.49292469	1
89	65404	14.38596725	2
89	508754	14.29678917	3
89	188893	13.88300228	4
89	596427	13.84696102	5
89	48840	13.59472656	6
89	135196	13.56748390	7
89	197862	13.48363590	8
89	529879	13.40956974	9
89	552216	13.32165146	10
89	388147	13.28959656	11
89	308938	13.27667236	12
89	116684	13.14657784	13
89	400230	12.96376228	14
89	29372	12.89629555	15
89	466317	12.89072990	16
89	138934	12.76504135	17
89	98636	12.61437607	18
89	1873	12.57591248	19
89	165397	12.49046421	20
90	80866	12.54206085	1
90	31793	12.42225838	2
90	220022	12.36840630	3
90	352640	12.17740440	4
90	68524	12.01384735	5
90	355513	12.01127815	6
90	452259	11.97503757	7
90	194955	11.79249001	8
90	490489	11.38005447	9
90	360756	11.35507965	10
90	487791	11.30318165	11
90	382908	11.29422760	12
90	346374	11.25861359	13
90	205341	11.17409801	14
90	396968	11.12163353	15
90	454537	11.06751823	16
90	11569	11.06680489	17
90	194899	11.03613091	18
90	70452	11.01726246	19
90	521933	11.01101208	20
94	245447	14.24117661	1
94	354716	13.77357197	2
94	274721	13.16303921	3
94	534277	13.10105133	4
94	201546	12.89533329	5
94	528564	12.55936623	6
94	107213	12.41788197	7
94	378484	12.38263893	8
94	399199	12.33583546	9
94	571711	12.30494404	10
94	562777	12.23886681	11
94	153520	12.21039486	12
94	174714	12.20417976	13
94	106265	12.08906269	14
94	599876	12.08425331	15
94	40257	12.04706001	16
94	100009	12.00604057	17
94	97719	11.98305798	18
94	146657	11.91409492	19
94	18850	11.89719009	20
98	527522	15.96982765	1
98	506149	15.48857689	2
98	129364	15.42130089	3
98	555630	15.28843784	4
98	66034	14.68132973	5
98	304919	14.49917221	6
98	438349	14.30149269	7
98	227568	14.18570900	8
98	259227	14.13287926	9
98	14349	14.09310913	10
98	171189	13.99071312	11
98	373119	13.90539551	12
98	599217	13.89843369	13
98	44574	13.89531708	14
98	134047	13.89246750	15
98	66626	13.89126968	16
98	405281	13.86582565	17
98	265267	13.77866840	18
98	579380	13.75295639	19
98	282826	13.73158741	20
104	575869	15.22770119	1
104	469874	13.16416645	2
104	151412	13.01320839	3
104	324854	12.73973656	4
104	121798	12.62168884	5
104	420544	12.52852631	6
104	466037	12.48572922	7
104	591616	12.41695595	8
104	226197	12.41665077	9
104	259476	12.28150368	10
104	466001	12.23939323	11
104	178586	12.23898125	12
104	407832	12.11642647	13
104	46818	12.07402515	14
104	475273	12.04286098	15
104	229926	12.03322124	16
104	233187	12.03110123	17
104	450779	11.98675156	18
104	368377	11.97649288	19
104	329637	11.96677017	20
106	76695	10.63947296	1
106	61947	10.33321476	2
106	520386	10.27675056	3
106	266209	9.91626644	4
106	151853	9.89878845	5
106	11557	9.87404919	6
106	442142	9.85180664	7
106	177328	9.75559425	8
106	452248	9.66711903	9
106	237395	9.64414692	10
106	392172	9.63616943	11
106	6349	9.58925056	12
106	365410	9.53429413	13
106	547705	9.51443481	14
106	384280	9.48484421	15
106	420915	9.45983887	16
106	475906	9.43438816	17
106	129540	9.41356564	18
106	257613	9.36312580	19
106	598500	9.35593224	20
109	73427	15.95660877	1
109	71569	13.87830162	2
109	109754	13.38161659	3
109	190484	13.28987694	4
109	28758	13.27085495	5
109	297841	13.01240253	6
109	97708	12.95441437	7
109	83346	12.93070316	8
109	77248	12.87500572	9
109	296123	12.78790760	10
109	107584	12.76942253	11
109	192888	12.57299042	12
109	273947	12.47228909	13
109	208219	12.42999840	14
109	226519	12.35270309	15
109	300749	12.32897186	16
109	224438	12.29995918	17
109	500755	12.29122925	18
109	479985	12.22955990	19
109	10180	12.19319439	20
475	366761	15.48879147	1
475	431685	13.34638596	2
475	110282	12.95499420	3
475	121393	12.80358315	4
475	504317	12.70371056	5
475	453961	12.44004822	6
475	341258	12.23921490	7
475	494880	12.22672081	8
475	155490	12.16725922	9
475	72321	12.05058002	10
475	131483	11.96935463	11
475	271772	11.92705727	12
475	355513	11.73823071	13
475	8415	11.70584679	14
475	254158	11.66874695	15
475	341220	11.66230869	16
475	139501	11.63781357	17
475	474962	11.58685398	18
475	220022	11.44925880	19
475	334603	11.38080025	20
503	360491	7.64379025	1
503	240038	7.50321054	2
503	284644	7.38542175	3
503	488379	7.24098969	4
503	243357	7.20410681	5
503	304597	7.17357826	6
503	275418	7.16127205	7
503	187633	7.01484966	8
503	448784	7.00628757	9
503	229276	6.99060726	10
503	219252	6.97104168	11
503	367641	6.96453762	12
503	241349	6.96166754	13
503	32064	6.94930840	14
503	449333	6.93129587	15
503	247908	6.91601944	16
503	91909	6.90011597	17
503	16165	6.86098194	18
503	5181	6.80967903	19
503	122617	6.78140688	20
504	63698	7.88351345	1
504	289982	7.81945705	2
504	483354	7.76619530	3
504	406867	7.75177956	4
504	25543	7.71344948	5
504	503419	7.68195152	6
504	577940	7.65288353	7
504	375537	7.64885998	8
504	430911	7.59821510	9
504	99463	7.57913685	10
504	249643	7.57817173	11
504	562495	7.54691362	12
504	252473	7.51626587	13
504	466712	7.51519680	14
504	160132	7.50641394	15
504	118280	7.48897314	16
504	364361	7.46155262	17
504	143593	7.45343590	18
504	585839	7.45091248	19
504	374443	7.44065189	20
515	334603	9.75633240	1
515	372909	9.32692909	2
515	533457	8.85267639	3
515	449610	8.78247356	4
515	431685	8.76214027	5
515	352589	8.75213432	6
515	574941	8.55939102	7
515	106684	8.50693035	8
515	513606	8.49711990	9
515	341258	8.41851521	10
515	305721	8.29275703	11
515	400119	8.27910995	12
515	59819	8.20232010	13
515	565041	8.18707657	14
515	528516	8.15504646	15
515	240066	8.13365459	16
515	466835	8.12603760	17
515	540334	8.10752392	18
515	327560	8.10576344	19
515	423260	8.10506344	20
529	161020	8.62400246	1
529	251392	8.15185738	2
529	325677	8.07790375	3
529	271568	7.68716526	4
529	552756	7.65847826	5
529	220022	7.47924423	6
529	476262	7.47000313	7
529	355513	7.46847343	8
529	454537	7.45404387	9
529	138065	7.45234346	10
529	76486	7.44219971	11
529	157233	7.39220190	12
529	346374	7.36712837	13
529	220165	7.34553099	14
529	513051	7.30257797	15
529	40276	7.28417730	16
529	195207	7.28029728	17
529	272425	7.27105713	18
529	485025	7.24892855	19
529	421887	7.23269558	20
547	95243	13.21975994	1
547	396694	13.18906975	2
547	217124	12.90607452	3
547	135873	12.67935658	4
547	106878	12.48461723	5
547	278629	12.40512657	6
547	469100	12.33342075	7
547	22207	12.31442070	8
547	569224	12.28058338	9
547	577381	12.22272491	10
547	193109	12.18058014	11
547	575213	12.16430664	12
547	466995	12.15594959	13
547	110733	12.15083122	14
547	64961	12.14589405	15
547	527951	12.12658978	16
547	294150	12.09048080	17
547	124230	12.02000904	18
547	213399	12.01373863	19
547	102237	12.00865936	20
549	221061	14.67957878	1
549	240328	14.67594910	2
549	210855	13.97712135	3
549	548681	13.70765781	4
549	319435	13.50667858	5
549	64547	13.49303055	6
549	154417	12.98657227	7
549	376898	12.95152473	8
549	461943	12.75575542	9
549	116684	12.71977425	10
549	502781	12.59540081	11
549	28023	12.54783344	12
549	88077	12.44519806	13
549	131703	12.44097233	14
549	264271	12.40532112	15
549	218153	12.33698463	16
549	263648	12.30637169	17
549	25069	12.29445076	18
549	515144	12.27064896	19
549	405797	12.19114780	20
559	115868	11.33302975	1
559	168139	11.31100273	2
559	529786	11.19137955	3
559	301455	11.13373375	4
559	360586	11.12781906	5
559	26758	11.06261444	6
559	177303	11.05951405	7
559	271472	11.03795147	8
559	365561	10.95228958	9
559	410243	10.93363190	10
559	453025	10.91563797	11
559	176742	10.83813286	12
559	583321	10.80593491	13
559	281977	10.78160095	14
559	298729	10.76692963	15
559	13376	10.67885113	16
559	476142	10.60272694	17
559	151639	10.58076382	18
559	430377	10.56597519	19
559	202457	10.55116844	20
570	532839	9.37009430	1
570	508457	9.35382175	2
570	301616	9.08184528	3
570	387876	9.05757332	4
570	127664	8.94725609	5
570	117845	8.94390488	6
570	336917	8.85091114	7
570	178697	8.84994507	8
570	477175	8.84586716	9
570	101490	8.83382034	10
570	150883	8.80822945	11
570	15841	8.77712727	12
570	99233	8.75979614	13
570	218696	8.71061897	14
570	322219	8.70023346	15
570	79375	8.69396877	16
570	290105	8.67520046	17
570	163566	8.58208847	18
570	88550	8.58125687	19
570	585889	8.54542732	20
585	552375	9.80467701	1
585	21986	8.45927811	2
585	599157	8.34300518	3
585	555794	8.28728867	4
585	458529	8.05966187	5
585	535737	8.00974846	6
585	235772	7.87543058	7
585	300287	7.82259417	8
585	396208	7.78175068	9
585	215620	7.75054741	10
585	578314	7.75053978	11
585	162562	7.74610233	12
585	278718	7.67211580	13
585	501764	7.60187912	14
585	431682	7.59044981	15
585	103584	7.56781054	16
585	339509	7.55330849	17
585	469519	7.52466726	18
585	536580	7.51754475	19
585	117960	7.49448252	20
588	203710	12.24382973	1
588	570546	11.93447113	2
588	184838	10.97284889	3
588	439010	10.94297409	4
588	20354	10.70640087	5
588	343	10.59941483	6
588	583577	10.49713326	7
588	328499	10.09422398	8
588	380368	10.01239204	9
588	148541	9.92747307	10
588	212975	9.87362003	11
588	121716	9.85707092	12
588	564496	9.80158901	13
588	8901	9.77690506	14
588	62051	9.69249535	15
588	306679	9.67416096	16
588	42475	9.67154121	17
588	534158	9.66626835	18
588	362771	9.64428329	19
588	215189	9.61274910	20
594	11148	10.53208637	1
594	341148	10.36095047	2
594	123356	10.07171440	3
594	377322	9.90539932	4
594	64881	9.66860580	5
594	365194	9.37812042	6
594	579110	9.32514286	7
594	97837	9.00893402	8
594	534059	8.88153839	9
594	319818	8.80155754	10
594	68515	8.77431297	11
594	22849	8.73396587	12
594	473698	8.67004585	13
594	248349	8.60122108	14
594	420746	8.57953835	15
594	126245	8.49131203	16
594	35460	8.46494102	17
594	373312	8.43366909	18
594	264067	8.42988491	19
594	295738	8.37910271	20
603	217424	16.21939087	1
603	27670	15.58755398	2
603	183450	15.04271317	3
603	61014	15.00756931	4
603	573039	14.94047928	5
603	540442	14.92211437	6
603	456440	14.86410427	7
603	455614	14.56036949	8
603	213328	14.46518326	9
603	340653	14.46453857	10
603	82797	14.45640945	11
603	473530	14.41707611	12
603	104131	14.23328781	13
603	23420	14.22824764	14
603	313935	14.19775963	15
603	12988	14.18317795	16
603	438813	14.18219471	17
603	217831	14.16569424	18
603	567206	14.13208866	19
603	482036	14.12861061	20
604	436128	15.86681557	1
604	451443	15.04186058	2
604	231947	14.41642094	3
604	170632	14.34415817	4
604	576621	14.00973034	5
604	140126	13.62878418	6
604	177328	13.61523151	7
604	321794	13.59072495	8
604	261622	13.32831573	9
604	190497	13.25224304	10
604	435113	13.24657440	11
604	535673	13.21832848	12
604	122074	13.19788265	13
604	219091	13.12189579	14
604	227162	13.09833717	15
604	470568	12.99404716	16
604	318966	12.93315697	17
604	546035	12.89193153	18
604	257060	12.83274460	19
604	521868	12.82306194	20
620	192589	12.69672108	1
620	479918	11.97256660	2
620	404954	11.88283539	3
620	170209	11.83607292	4
620	543921	11.82748413	5
620	528840	11.82102203	6
620	164231	11.74929333	7
620	535566	11.73964310	8
620	146317	11.72187710	9
620	278734	11.57001877	10
620	467059	11.42052364	11
620	270866	11.37313938	12
620	189303	11.33727837	13
620	463568	11.32652664	14
620	572848	11.22455311	15
620	449630	11.17741680	16
620	517440	11.10426617	17
620	173807	11.07479286	18
620	180673	10.96400261	19
620	61734	10.94297600	20
622	369239	14.94305325	1
622	461049	14.89555264	2
622	50394	14.88128662	3
622	179756	14.51487732	4
622	550184	14.06985569	5
622	534158	14.00193596	6
622	221784	13.96803093	7
622	201302	13.69718933	8
622	141183	13.58475399	9
622	32092	13.55445004	10
622	12435	13.44879055	11
622	589718	13.41984558	12
622	398260	13.40009975	13
622	221386	13.39690304	14
622	274948	13.33439636	15
622	289895	13.31696510	16
622	370496	13.29492760	17
622	56878	13.27504349	18
622	398091	13.22918129	19
622	579800	13.21997166	20
659	449079	8.32553864	1
659	13139	8.27965260	2
659	584685	8.08310509	3
659	168796	7.98623657	4
659	235925	7.69314671	5
659	365240	7.58135653	6
659	109852	7.54980516	7
659	443896	7.42490005	8
659	466122	7.36531258	9
659	74255	7.32674456	10
659	120279	7.31874752	11
659	230908	7.31041670	12
659	447222	7.30951118	13
659	576651	7.24572325	14
659	276466	7.23086262	15
659	130209	7.19868231	16
659	113834	7.14727402	17
659	186206	7.14558125	18
659	188423	7.10499668	19
659	253596	7.03976917	20
672	26357	6.74227810	1
672	152039	6.73950672	2
672	264565	6.69166183	3
672	385669	6.63513565	4
672	414199	6.59964848	5
672	3789	6.57150221	6
672	165103	6.50373363	7
672	15824	6.46765995	8
672	149032	6.45929956	9
672	446255	6.38726044	10
672	91804	6.36750031	11
672	81941	6.36573935	12
672	589139	6.36166954	13
672	167202	6.33692551	14
672	265090	6.25760460	15
672	77178	6.25108337	16
672	399382	6.23460197	17
672	18832	6.23156691	18
672	563025	6.22878265	19
672	345894	6.21227312	20
684	6103	15.79621315	1
684	110672	15.01398087	2
684	495864	14.98860645	3
684	578317	14.80103683	4
684	297652	14.38950253	5
684	8859	14.25751877	6
684	179262	14.02368355	7
684	544439	14.01988220	8
684	122222	13.99238014	9
684	406324	13.98202324	10
684	477940	13.97814751	11
684	173187	13.94885540	12
684	67276	13.87096024	13
684	549401	13.78546524	14
684	399203	13.73446941	15
684	18790	13.69918919	16
684	443757	13.68995667	17
684	160555	13.60452652	18
684	363960	13.58284092	19
684	196807	13.55060768	20
687	140657	16.19245720	1
687	285409	15.83065414	2
687	479390	15.74497890	3
687	218793	15.24765015	4
687	196299	15.23850060	5
687	171409	15.08090115	6
687	419383	14.98500824	7
687	197703	14.90111923	8
687	349998	14.88036919	9
687	353915	14.78222084	10
687	268992	14.71267223	11
687	211503	14.66986847	12
687	249826	14.66890717	13
687	386349	14.60811996	14
687	151185	14.52190781	15
687	473644	14.47006416	16
687	38377	14.27153397	17
687	45718	14.25210381	18
687	281361	14.06315041	19
687	65957	14.05535698	20
689	509650	12.74884987	1
689	386095	12.45395851	2
689	446932	12.20048428	3
689	20670	12.00526810	4
689	123570	11.79374123	5
689	372107	11.69400215	6
689	402902	11.59921074	7
689	177573	11.55838585	8
689	448225	11.53233242	9
689	466507	11.43796444	10
689	123038	11.43567944	11
689	421803	11.42511559	12
689	186029	11.41337585	13
689	131177	11.39053822	14
689	567201	11.34186554	15
689	283889	11.30680370	16
689	172127	11.26616669	17
689	428290	11.26302528	18
689	503836	11.25373650	19
689	138645	11.24446106	20
691	183774	9.91654968	1
691	15262	9.91365433	2
691	357113	9.84721375	3
691	395912	9.73360252	4
691	260087	9.60824394	5
691	122525	9.40995598	6
691	504208	9.18910408	7
691	547036	9.15643120	8
691	336518	9.11077118	9
691	581976	9.03039265	10
691	526568	9.01295853	11
691	74688	8.95283508	12
691	108012	8.95220757	13
691	373266	8.89288139	14
691	525129	8.87520981	15
691	467108	8.85849857	16
691	151506	8.78690720	17
691	153520	8.77853966	18
691	399199	8.77318382	19
691	322614	8.76727581	20
699	107092	10.78302956	1
699	409566	9.12143230	2
699	260043	9.02950382	3
699	367930	8.97769165	4
699	259627	8.79657650	5
699	156194	8.78253365	6
699	183500	8.57435608	7
699	257303	8.57149315	8
699	190484	8.52618217	9
699	378465	8.50808334	10
699	557186	8.49301815	11
699	202224	8.48914528	12
699	87113	8.42677784	13
699	509862	8.38945007	14
699	459119	8.37688828	15
699	443806	8.36458969	16
699	485898	8.34618759	17
699	573523	8.34181404	18
699	372884	8.26597214	19
699	243306	8.25019646	20
701	456234	15.12222862	1
701	243306	15.04716873	2
701	459119	14.89009476	3
701	339488	14.50025749	4
701	474057	14.43319321	5
701	435737	14.35941887	6
701	372884	14.24740410	7
701	248761	14.15768623	8
701	15270	14.15152550	9
701	593976	14.14892960	10
701	283079	14.11655617	11
701	378465	14.10810375	12
701	324911	14.08907890	13
701	192833	14.03379822	14
701	349672	14.01123238	15
701	87113	14.00266552	16
701	389654	13.99797821	17
701	260043	13.96181488	18
701	571711	13.94866562	19
701	485898	13.86348724	20
715	111921	10.84901333	1
715	453625	10.45824623	2
715	41627	10.33280849	3
715	473949	10.29323483	4
715	133120	10.11949730	5
715	345052	10.05856514	6
715	268835	10.05799961	7
715	548758	10.02267647	8
715	203201	9.88249779	9
715	589103	9.86694050	10
715	209963	9.83865356	11
715	190929	9.79460335	12
715	430854	9.74803352	13
715	254308	9.74109459	14
715	113885	9.66701889	15
715	168968	9.64620590	16
715	145156	9.64290333	17
715	487817	9.61754608	18
715	547196	9.59201241	19
715	314242	9.55633163	20
721	496225	13.57596779	1
721	366626	11.33048820	2
721	48619	10.93745899	3
721	595791	10.92213058	4
721	515391	10.78001022	5
721	392524	10.47551346	6
721	233821	10.42372417	7
721	589957	10.42050362	8
721	220230	10.41982841	9
721	285124	10.40022659	10
721	183861	10.37218857	11
721	549225	10.35330963	12
721	567492	10.35201836	13
721	83680	10.32633495	14
721	285605	10.31696224	15
721	44555	10.27832127	16
721	208977	10.26826572	17
721	25550	10.25473595	18
721	441149	10.25107956	19
721	234935	10.24264908	20
744	67066	15.19776630	1
744	313623	14.33548260	2
744	537716	14.32886410	3
744	289231	13.82877731	4
744	574438	13.81368065	5
744	96666	13.64857674	6
744	573276	13.59459114	7
744	80607	13.56565094	8
744	193506	13.49939823	9
744	534645	13.41362667	10
744	350980	13.38714600	11
744	465648	13.34669685	12
744	180192	13.30615139	13
744	468104	13.29938889	14
744	453624	13.29517555	15
744	92397	13.26589489	16
744	412142	13.24768639	17
744	52250	13.20645332	18
744	181816	13.20329666	19
744	451985	13.19318390	20
750	216892	17.15119743	1
750	419768	16.98001289	2
750	103590	15.99365807	3
750	5762	15.91517067	4
750	33602	15.41352367	5
750	180501	15.29205799	6
750	312493	15.15641689	7
750	187695	14.77093792	8
750	282770	14.43293762	9
750	449544	14.15179825	10
750	559150	13.89821053	11
750	263485	13.89780235	12
750	584238	13.87109184	13
750	493872	13.85943604	14
750	299579	13.82594776	15
750	159880	13.80840588	16
750	383832	13.37640381	17
750	221247	13.37393570	18
750	267466	13.27885342	19
750	225511	13.27762890	20
753	77618	7.63641500	1
753	599876	7.47664928	2
753	338700	7.45901394	3
753	566417	7.44851828	4
753	22353	7.36342096	5
753	357914	7.35615730	6
753	45120	7.34631681	7
753	113776	7.31527710	8
753	218990	7.26763439	9
753	158738	7.22679138	10
753	125111	7.19885635	11
753	300460	7.17894840	12
753	97719	7.17531443	13
753	149516	7.15248775	14
753	133701	7.14937878	15
753	442142	7.14615870	16
753	465447	7.14566898	17
753	186840	7.13251781	18
753	334603	7.08187628	19
753	114418	7.07026720	20
766	27987	13.90796757	1
766	163711	13.88122368	2
766	544663	13.79024887	3
766	552768	13.76353073	4
766	268865	13.71413231	5
766	578561	13.66287041	6
766	595029	13.64002800	7
766	219272	13.63243866	8
766	254684	13.57362175	9
766	594595	13.56938553	10
766	299591	13.38656998	11
766	90579	13.31540680	12
766	482755	13.31034756	13
766	283294	13.10421848	14
766	273567	13.09013653	15
766	53966	13.06071091	16
766	119952	12.96930027	17
766	2996	12.96622562	18
766	375618	12.87088203	19
766	315017	12.77122784	20
776	124027	18.15251160	1
776	467044	16.24588013	2
776	434972	15.27150345	3
776	107520	14.86841869	4
776	519798	14.81229782	5
776	434869	14.80250263	6
776	431203	14.20582199	7
776	41960	14.12512398	8
776	563284	13.99561405	9
776	417787	13.90169811	10
776	397846	13.87873554	11
776	133102	13.67927742	12
776	191148	13.53046799	13
776	143591	13.37366295	14
776	403514	13.23895645	15
776	151774	13.21808529	16
776	5673	13.21021652	17
776	220127	13.18523026	18
776	59965	13.15275383	19
776	447353	13.14190006	20
810	346134	16.92061615	1
810	582551	16.73701096	2
810	386941	16.56407547	3
810	300705	16.29398727	4
810	551970	16.22201347	5
810	508895	16.17148209	6
810	46386	15.87516499	7
810	592133	15.87178421	8
810	43217	15.87105274	9
810	142561	15.79312992	10
810	281045	15.68465710	11
810	496015	15.54325867	12
810	463222	15.36952305	13
810	358343	15.24775124	14
810	226568	15.21743298	15
810	445690	15.11694527	16
810	340857	15.07780457	17
810	495827	15.03082085	18
810	286992	15.02717209	19
810	272944	14.98713493	20
813	315105	6.25704241	1
813	260677	6.13690853	2
813	322311	6.00036716	3
813	436701	5.93343306	4
813	569188	5.88849545	5
813	321114	5.86148453	6
813	419856	5.83710766	7
813	67241	5.79915619	8
813	26091	5.78409958	9
813	97233	5.76111031	10
813	475170	5.72786188	11
813	316230	5.68759871	12
813	109305	5.59514427	13
813	556621	5.59403992	14
813	8012	5.57876396	15
813	448659	5.57354736	16
813	235004	5.56092215	17
813	66858	5.54807997	18
813	420254	5.53321886	19
813	373966	5.53192520	20
849	30316	11.17133904	1
849	510144	10.68347931	2
849	101382	10.54637527	3
849	143368	10.52150536	4
849	5239	10.44540977	5
849	37306	10.25542450	6
849	233423	10.20416164	7
849	263485	10.18861389	8
849	21910	10.11005783	9
849	165025	10.10880852	10
849	557186	10.05613136	11
849	42999	10.05341339	12
849	384187	9.94880486	13
849	297241	9.84288025	14
849	571062	9.84157181	15
849	73252	9.83483219	16
849	217748	9.75854683	17
849	140966	9.75496006	18
849	235074	9.66967392	19
849	74688	9.66732407	20
852	431735	12.40831661	1
852	282435	10.23558998	2
852	94690	10.21787453	3
852	551777	10.19057655	4
852	306201	10.10209370	5
852	184800	10.07235718	6
852	467926	10.06452179	7
852	135845	9.92625904	8
852	136212	9.86559105	9
852	351025	9.84131241	10
852	532485	9.81337738	11
852	149919	9.80522442	12
852	392481	9.76762772	13
852	176254	9.73723507	14
852	289801	9.70189857	15
852	247101	9.69653416	16
852	170628	9.66529274	17
852	150692	9.64284229	18
852	377719	9.63194084	19
852	141596	9.56026840	20
853	211485	10.55662346	1
853	260795	10.43130970	2
853	569645	10.32592106	3
853	147080	10.06657791	4
853	585121	9.93378258	5
853	450808	9.89689064	6
853	477476	9.66087723	7
853	456788	9.39611053	8
853	85672	9.36142921	9
853	467781	9.35604382	10
853	582864	9.35252094	11
853	527776	9.31275368	12
853	212786	9.27513313	13
853	549870	9.24705505	14
853	533808	9.20389080	15
853	272425	9.18902969	16
853	149516	9.15145493	17
853	302049	9.13356400	18
853	88477	9.12588120	19
853	304479	9.12163544	20
858	293027	16.62145233	1
858	146632	15.47896957	2
858	5572	15.06918335	3
858	358164	14.83627892	4
858	161254	14.71460915	5
858	63044	14.27663040	6
858	429418	14.13120461	7
858	473978	13.97685432	8
858	241860	13.97625160	9
858	227192	13.86847305	10
858	588377	13.80931187	11
858	554910	13.76555634	12
858	416767	13.76463890	13
858	323067	13.75975227	14
858	68187	13.71582413	15
858	386487	13.70452118	16
858	424706	13.63550472	17
858	455609	13.61066341	18
858	499398	13.56801605	19
858	60728	13.50446320	20
859	170209	13.12998199	1
859	449630	12.90728664	2
859	469731	12.87777996	3
859	484313	12.78002071	4
859	284774	12.72893715	5
859	220207	12.63489342	6
859	192589	12.62913227	7
859	584419	12.49907684	8
859	140078	12.47057915	9
859	100593	12.33396530	10
859	412036	12.28055573	11
859	543348	12.24230576	12
859	380263	12.10928345	13
859	342998	12.06602478	14
859	575669	12.06091881	15
859	528840	12.02609444	16
859	555995	11.97868919	17
859	210511	11.95106697	18
859	212883	11.93936920	19
859	152151	11.92190933	20
864	566337	13.94247150	1
864	30142	13.34209633	2
864	456885	13.15029716	3
864	2436	13.04349327	4
864	472924	12.93460369	5
864	78117	12.49327660	6
864	509365	12.33442497	7
864	231968	12.32706451	8
864	505134	12.24566650	9
864	24890	12.16424561	10
864	157751	12.15044785	11
864	528589	12.14599609	12
864	118620	12.06525230	13
864	597681	11.64276886	14
864	475888	11.59238625	15
864	245967	11.55093384	16
864	222380	11.54549217	17
864	499604	11.51351643	18
864	307919	11.48747063	19
864	71987	11.46676922	20
879	366830	10.31012821	1
879	334095	9.17846203	2
879	85229	9.11064243	3
879	14488	8.85296249	4
879	571362	8.76880550	5
879	83059	8.67348289	6
879	59819	8.67159843	7
879	397988	8.50123119	8
879	344955	8.50071239	9
879	296345	8.43887901	10
879	88972	8.41889191	11
879	53225	8.40585327	12
879	30163	8.39129066	13
879	187227	8.34681988	14
879	311786	8.30926132	15
879	309819	8.28886986	16
879	187586	8.27900028	17
879	517083	8.27541924	18
879	284610	8.27230835	19
879	568771	8.27054787	20
885	344386	10.83313179	1
885	516678	10.69283199	2
885	296165	10.64905643	3
885	322517	10.48435020	4
885	254968	10.38169765	5
885	389221	10.33581543	6
885	263965	10.11282825	7
885	89888	9.99984360	8
885	228871	9.99668407	9
885	536463	9.95312023	10
885	442966	9.76976013	11
885	503040	9.75838280	12
885	181757	9.72562885	13
885	533589	9.68060112	14
885	279845	9.66722679	15
885	319490	9.66385651	16
885	216515	9.65372753	17
885	304009	9.61224365	18
885	301792	9.57399082	19
885	111594	9.54844856	20
895	546329	19.50419617	1
895	416268	19.48690414	2
895	310136	15.99535370	3
895	585899	15.67759895	4
895	540334	15.64020729	5
895	40796	15.56976318	6
895	509318	15.32696056	7
895	361415	15.21575356	8
895	440506	15.12898350	9
895	474974	15.10827255	10
895	306510	14.89846992	11
895	280435	14.89102364	12
895	1066	14.85613632	13
895	139501	14.77438736	14
895	467737	14.77392387	15
895	402686	14.75527763	16
895	222726	14.65335560	17
895	2702	14.58387375	18
895	356867	14.38818455	19
895	367409	14.38335228	20
904	415514	21.15092468	1
904	357938	19.50843430	2
904	311947	18.57322311	3
904	24890	18.09984970	4
904	78117	18.00855446	5
904	505134	17.99697304	6
904	460325	17.76435089	7
904	155490	17.55606842	8
904	9568	17.54359055	9
904	272248	17.53919983	10
904	509365	17.50455856	11
904	388713	17.38963127	12
904	85229	17.29174042	13
904	222380	17.23500443	14
904	131395	17.18533325	15
904	358581	17.15400505	16
904	160301	17.13685417	17
904	543254	17.10835075	18
904	32057	17.05922699	19
904	218990	16.86012268	20
928	349866	18.15405273	1
928	251466	16.71108818	2
928	354434	16.35051346	3
928	549151	16.00707245	4
928	331255	15.23704529	5
928	465905	15.22140026	6
928	383849	15.18287468	7
928	540929	15.18118477	8
928	456783	15.17132950	9
928	340831	15.03111744	10
928	254152	14.96361923	11
928	515361	14.90038490	12
928	11572	14.82673454	13
928	23675	14.77476692	14
928	230297	14.76658440	15
928	394460	14.60404301	16
928	114428	14.58749962	17
928	400083	14.51004219	18
928	53945	14.49093533	19
928	503444	14.40957642	20
929	367754	11.38623619	1
929	64556	9.90199375	2
929	146317	9.65089798	3
929	537593	9.63364410	4
929	558301	9.39064789	5
929	576362	9.33449268	6
929	413229	9.16411495	7
929	599142	9.12624931	8
929	309909	9.11097145	9
929	296717	9.09142971	10
929	562777	8.94564819	11
929	77248	8.84176636	12
929	524615	8.79312325	13
929	423871	8.64734936	14
929	83346	8.62892342	15
929	396792	8.56971550	16
929	88867	8.56658554	17
929	244097	8.49261284	18
929	22719	8.46719360	19
929	108875	8.42675591	20
932	110061	16.55477524	1
932	187706	15.65135193	2
932	383172	15.62575531	3
932	32610	15.34190178	4
932	510599	15.27499390	5
932	385221	15.16692829	6
932	319965	15.01042557	7
932	319158	14.99540901	8
932	523431	14.91798210	9
932	202340	14.89704704	10
932	48722	14.89216042	11
932	36606	14.75049496	12
932	495827	14.55254936	13
932	535164	14.47234631	14
932	447940	14.44954109	15
932	19245	14.33668327	16
932	452899	14.21041679	17
932	483704	14.18796062	18
932	498589	14.12259293	19
932	362860	14.10772324	20
939	392434	12.03079414	1
939	445770	10.70230675	2
939	444300	10.64277840	3
939	532656	10.61705780	4
939	444620	10.43576622	5
939	585023	10.26878357	6
939	524708	10.19806767	7
939	72209	10.13552856	8
939	74774	9.79576302	9
939	407643	9.77765656	10
939	529509	9.76640224	11
939	313012	9.56231213	12
939	324557	9.49706554	13
939	90290	9.34760475	14
939	296750	9.33862114	15
939	345219	9.32038784	16
939	257060	9.28658199	17
939	211869	9.26627541	18
939	88645	9.22346115	19
939	526555	9.21151924	20
945	332626	15.38046837	1
945	482682	13.98476410	2
945	26182	13.81398964	3
945	352052	13.76309872	4
945	279870	13.26340199	5
945	594784	13.04963684	6
945	442110	13.00173473	7
945	541682	12.84475899	8
945	185384	12.82600212	9
945	237262	12.79415131	10
945	4331	12.68109512	11
945	557647	12.44788647	12
945	592926	12.43117332	13
945	256395	12.12323380	14
945	347723	12.11441612	15
945	343477	12.10621166	16
945	597154	12.10404015	17
945	385320	12.07941055	18
945	73666	11.99861145	19
945	331384	11.94362640	20
957	540334	10.18158531	1
957	264075	9.83788872	2
957	9568	9.78920937	3
957	446870	9.74855423	4
957	436119	9.71190166	5
957	1066	9.41151524	6
957	591357	9.35367012	7
957	321500	9.13951969	8
957	320616	9.04921055	9
957	172594	8.98770618	10
957	101748	8.94315434	11
957	85622	8.93983269	12
957	535918	8.85389423	13
957	331898	8.83749771	14
957	352838	8.83368874	15
957	207997	8.75552559	16
957	18647	8.71225071	17
957	248629	8.62156105	18
957	144563	8.58548355	19
957	556021	8.56378460	20
988	312359	8.65177917	1
988	2393	8.62975883	2
988	320675	8.59843063	3
988	7625	8.52429867	4
988	501384	8.34496784	5
988	553748	8.31832314	6
988	425479	8.21675491	7
988	280204	8.21509171	8
988	450558	8.18537235	9
988	335436	8.18145847	10
988	52190	8.17205811	11
988	135596	8.17019367	12
988	133935	8.16030979	13
988	446770	8.15060520	14
988	377166	8.14955521	15
988	377742	8.14297390	16
988	282623	8.09866905	17
988	82482	8.08747292	18
988	571093	8.07761097	19
988	241433	8.07118225	20
1074	443960	11.96988297	1
1074	137449	9.99677372	2
1074	54400	9.95572472	3
1074	482141	9.58867550	4
1074	490223	9.43566322	5
1074	493525	9.37322140	6
1074	423191	9.36392403	7
1074	209706	9.31912613	8
1074	546634	9.29587269	9
1074	194429	9.29580688	10
1074	137738	9.24898720	11
1074	338796	9.24540997	12
1074	17215	9.24417686	13
1074	422697	9.23321342	14
1074	545800	9.19524193	15
1074	58741	9.15808296	16
1074	577505	9.15301704	17
1074	143521	9.14544106	18
1074	28878	9.14056778	19
1074	41793	9.12870312	20
1085	372039	8.90414524	1
1085	176350	8.84284401	2
1085	42315	8.79896736	3
1085	422484	8.45368099	4
1085	281747	8.30653095	5
1085	391085	8.30498123	6
1085	72589	8.26104164	7
1085	150171	8.22280788	8
1085	77550	8.21970844	9
1085	212827	8.16978264	10
1085	546028	8.13661003	11
1085	268777	8.11346626	12
1085	450031	8.09360695	13
1085	375324	8.08213234	14
1085	500671	8.07861137	15
1085	398258	8.07611370	16
1085	79922	8.07347965	17
1085	533927	8.06102180	18
1085	306280	8.04171562	19
1085	267940	7.97414875	20
1090	198606	15.86681461	1
1090	548718	15.03219032	2
1090	35971	15.01746655	3
1090	281329	14.82476616	4
1090	480128	14.73158836	5
1090	573928	14.66956329	6
1090	143302	14.50107670	7
1090	296146	14.35367966	8
1090	520217	14.31681061	9
1090	354857	14.10824203	10
1090	517637	14.10692215	11
1090	446454	13.95732880	12
1090	224231	13.94485188	13
1090	393987	13.88362026	14
1090	203091	13.84648800	15
1090	532629	13.84175682	16
1090	366509	13.79729176	17
1090	545902	13.74049854	18
1090	260569	13.68725395	19
1090	209838	13.63176918	20
1150	10476	13.26210022	1
1150	531698	13.13972759	2
1150	494815	12.70568657	3
1150	578267	12.27767754	4
1150	515440	12.25635624	5
1150	332938	12.16216087	6
1150	204479	12.11379147	7
1150	430900	12.09950638	8
1150	88095	12.06123924	9
1150	99730	12.02088451	10
1150	452126	12.01251411	11
1150	233100	12.00716019	12
1150	3566	11.91523743	13
1150	544175	11.91288948	14
1150	99987	11.86506271	15
1150	54619	11.85788155	16
1150	154714	11.85400772	17
1150	529444	11.84515381	18
1150	338707	11.84201050	19
1150	364282	11.81692123	20
1157	405777	10.27475071	1
1157	439460	9.46324921	2
1157	243503	9.46070671	3
1157	103720	9.31944084	4
1157	123756	9.29683971	5
1157	83346	9.10996437	6
1157	385779	9.02952957	7
1157	97719	9.02886581	8
1157	143066	8.93976212	9
1157	143998	8.87975979	10
1157	42999	8.86637878	11
1157	192516	8.85588455	12
1157	309909	8.83237934	13
1157	211485	8.78457355	14
1157	218460	8.77882004	15
1157	374264	8.76415920	16
1157	35748	8.71402264	17
1157	2718	8.69989395	18
1157	190484	8.69929123	19
1157	116934	8.68143940	20
1159	163881	14.13518333	1
1159	179066	14.05056477	2
1159	496064	13.90351295	3
1159	414692	13.36690140	4
1159	115416	13.21334839	5
1159	588211	13.02021408	6
1159	156063	12.85123634	7
1159	549870	12.78404140	8
1159	214173	12.72502327	9
1159	65095	12.51534748	10
1159	528361	12.43720055	11
1159	439899	12.35553646	12
1159	569145	12.34319019	13
1159	556946	12.31690025	14
1159	206431	12.31182384	15
1159	165315	12.21912575	16
1159	5409	12.20154858	17
1159	469972	12.18814945	18
1159	194090	12.17811298	19
1159	593101	12.15012741	20
1198	56718	15.40263557	1
1198	524788	13.50929642	2
1198	422697	12.44949913	3
1198	590234	12.04395390	4
1198	483984	11.87754822	5
1198	551746	11.78401756	6
1198	114857	11.77369881	7
1198	18900	11.66256142	8
1198	595707	11.63078976	9
1198	312386	11.50352097	10
1198	457937	11.48214817	11
1198	37725	11.45619297	12
1198	510579	11.39489460	13
1198	444899	11.39474487	14
1198	490223	11.32695389	15
1198	222942	11.30518150	16
1198	280611	11.26890945	17
1198	205341	11.26628494	18
1198	422199	11.18815041	19
1198	17215	11.17483330	20
1230	321983	8.77061653	1
1230	191649	8.58364391	2
1230	478295	8.38185596	3
1230	319352	8.12874222	4
1230	146641	8.09630775	5
1230	538113	7.98460579	6
1230	472897	7.86161804	7
1230	276127	7.83376312	8
1230	405803	7.83012295	9
1230	202049	7.81177425	10
1230	25250	7.76225471	11
1230	186237	7.74834633	12
1230	233956	7.72048569	13
1230	128093	7.71992922	14
1230	35419	7.66312838	15
1230	537963	7.60507965	16
1230	461953	7.57240486	17
1230	281572	7.55821609	18
1230	267174	7.55376244	19
1230	185508	7.54101849	20
1281	361415	13.23480034	1
1281	444620	12.36173534	2
1281	120523	11.82816792	3
1281	222726	11.79650879	4
1281	571178	11.63835144	5
1281	526429	11.58612537	6
1281	445770	11.46507835	7
1281	242013	11.41669846	8
1281	325348	11.30791473	9
1281	570636	11.23909187	10
1281	526555	11.04068184	11
1281	539052	10.96646118	12
1281	583269	10.92259979	13
1281	253735	10.82524490	14
1281	525685	10.79483891	15
1281	266221	10.67659950	16
1281	151699	10.66871452	17
1281	128752	10.65759087	18
1281	556248	10.65187645	19
1281	380263	10.63180256	20
1284	342411	9.03403473	1
1284	11122	8.73517990	2
1284	154912	8.63367939	3
1284	385310	8.60062504	4
1284	535164	8.48476791	5
1284	342903	8.37509441	6
1284	251385	8.33150864	7
1284	83473	8.32795525	8
1284	30654	8.29889584	9
1284	207316	8.26413345	10
1284	459096	8.22951984	11
1284	538843	8.15563202	12
1284	8200	8.08356285	13
1284	597154	8.04823685	14
1284	589377	7.98703337	15
1284	403948	7.93410969	16
1284	77618	7.92129135	17
1284	273209	7.90919685	18
1284	146327	7.83266878	19
1284	169847	7.76038313	20
1297	171761	15.88847542	1
1297	375372	14.47230148	2
1297	46658	13.95914268	3
1297	279571	13.82134056	4
1297	422225	13.65013123	5
1297	81843	13.57750320	6
1297	503427	13.57126141	7
1297	101993	13.43175125	8
1297	41465	13.35257339	9
1297	463967	13.30167580	10
1297	588454	13.25936031	11
1297	174103	13.20264339	12
1297	184081	13.09268665	13
1297	117395	13.08012772	14
1297	470568	13.07496548	15
1297	265142	13.06300831	16
1297	549281	12.98501968	17
1297	294899	12.98174667	18
1297	372282	12.95104504	19
1297	276127	12.91847610	20
1306	167684	12.87079906	1
1306	594206	12.80851555	2
1306	431682	12.53358841	3
1306	349866	12.45533085	4
1306	500251	12.13917637	5
1306	160611	12.12745667	6
1306	432866	12.04503536	7
1306	326129	12.03993511	8
1306	356862	12.02100563	9
1306	472243	11.86479568	10
1306	316321	11.86432362	11
1306	538086	11.82186127	12
1306	343518	11.81672478	13
1306	30322	11.78596210	14
1306	72240	11.72213268	15
1306	263659	11.70518303	16
1306	467141	11.69982338	17
1306	271243	11.67867851	18
1306	201415	11.65874481	19
1306	396208	11.64982414	20
1309	518710	12.05928040	1
1309	75108	11.82845688	2
1309	437143	11.62654495	3
1309	336792	11.60964108	4
1309	582829	11.57369232	5
1309	173919	11.47295094	6
1309	259726	11.32778072	7
1309	159995	11.30862045	8
1309	102811	11.27814579	9
1309	471630	11.22196579	10
1309	332160	11.12310028	11
1309	421639	11.11920929	12
1309	247343	10.94915581	13
1309	125497	10.93349648	14
1309	499098	10.93197823	15
1309	597135	10.91678619	16
1309	271040	10.90213966	17
1309	111594	10.87895107	18
1309	511241	10.84065247	19
1309	63075	10.80699348	20
1310	143728	13.51527786	1
1310	597813	13.15598679	2
1310	473641	12.69623280	3
1310	304080	12.17624664	4
1310	120090	12.12093830	5
1310	543887	11.95161152	6
1310	8480	11.94330215	7
1310	223338	11.83146858	8
1310	95869	11.63694191	9
1310	277500	11.55937004	10
1310	129523	11.55204678	11
1310	529456	11.52309704	12
1310	145404	11.38997459	13
1310	355241	11.38741302	14
1310	2830	11.36363029	15
1310	465648	11.35580444	16
1310	133735	11.34740543	17
1310	293464	11.31219482	18
1310	400801	11.25956726	19
1310	344003	11.23757362	20
1321	143769	15.36751938	1
1321	235369	14.89098549	2
1321	313509	14.81488037	3
1321	166579	14.64071274	4
1321	8028	14.49369812	5
1321	392379	14.33178806	6
1321	175303	14.30943680	7
1321	64727	14.27633953	8
1321	356050	14.26002216	9
1321	367558	14.09961414	10
1321	290875	14.06398582	11
1321	90687	14.02976036	12
1321	207966	14.01962471	13
1321	184757	14.00112534	14
1321	307135	13.92981815	15
1321	278709	13.89835548	16
1321	235082	13.80341148	17
1321	591495	13.79089546	18
1321	392317	13.78900719	19
1321	561226	13.69870472	20
1322	25613	11.03955269	1
1322	539522	10.58647919	2
1322	548649	10.56413078	3
1322	157630	10.55886936	4
1322	33914	10.48861694	5
1322	114231	10.36438560	6
1322	151817	10.35037422	7
1322	494949	10.29181480	8
1322	544362	10.04314423	9
1322	283917	10.02411270	10
1322	587632	9.91593075	11
1322	41094	9.89654350	12
1322	310845	9.87105370	13
1322	587081	9.86216736	14
1322	352930	9.82579613	15
1322	13325	9.82177925	16
1322	487196	9.77013111	17
1322	102954	9.76162338	18
1322	375997	9.74405003	19
1322	312131	9.74117851	20
1391	145999	14.40887451	1
1391	440745	13.45031357	2
1391	545780	13.23227596	3
1391	583371	13.15460968	4
1391	272820	13.06354713	5
1391	223170	13.05676937	6
1391	111727	12.95035934	7
1391	77142	12.73147774	8
1391	154667	12.65267563	9
1391	254151	12.61025620	10
1391	374106	12.59043884	11
1391	374264	12.55629349	12
1391	442338	12.49958420	13
1391	65034	12.47690392	14
1391	77618	12.47331715	15
1391	22353	12.44142532	16
1391	451929	12.39650345	17
1391	56396	12.39494419	18
1391	431406	12.34464645	19
1391	545087	12.29090786	20
1393	532932	13.31917858	1
1393	234436	13.19623947	2
1393	513051	12.89865971	3
1393	568771	12.88219166	4
1393	352640	12.84584999	5
1393	407378	12.60248089	6
1393	589398	12.52477264	7
1393	346374	12.51758957	8
1393	40276	12.50546074	9
1393	106684	12.44296646	10
1393	220022	12.42051888	11
1393	347723	12.35258389	12
1393	68524	12.32132149	13
1393	487728	12.17019653	14
1393	93638	12.07069302	15
1393	80866	12.00833702	16
1393	582571	11.96299076	17
1393	58937	11.95136833	18
1393	243949	11.85948753	19
1393	209974	11.77744484	20
1415	393953	23.46356583	1
1415	387165	23.03339958	2
1415	342694	22.16313171	3
1415	66246	22.06212616	4
1415	472824	21.76227188	5
1415	306144	20.92790985	6
1415	164427	20.83909607	7
1415	156405	20.74602318	8
1415	381830	20.71137619	9
1415	378060	20.68167496	10
1415	185282	20.22617149	11
1415	500903	19.98775482	12
1415	189391	19.80573273	13
1415	433801	19.76688004	14
1415	591940	19.72022057	15
1415	315516	19.51808548	16
1415	90230	19.41462326	17
1415	368242	19.16669083	18
1415	276934	19.08358765	19
1415	583956	18.96301460	20
1416	430728	10.49223709	1
1416	108890	9.34634399	2
1416	86621	9.08235550	3
1416	459953	9.04241371	4
1416	439502	9.03925228	5
1416	575899	8.88542175	6
1416	259602	8.85205746	7
1416	518624	8.76793671	8
1416	432562	8.60683823	9
1416	352266	8.58500576	10
1416	481601	8.57851696	11
1416	228445	8.53168774	12
1416	293652	8.52518082	13
1416	452350	8.46259212	14
1416	417	8.46020126	15
1416	385221	8.44593811	16
1416	408078	8.43973637	17
1416	253847	8.34014320	18
1416	326717	8.30759239	19
1416	427442	8.30116272	20
1441	178	13.48906803	1
1441	471123	13.34226608	2
1441	414940	13.13685799	3
1441	416727	13.12172985	4
1441	98947	11.86442947	5
1441	224011	11.77166557	6
1441	495066	11.60994625	7
1441	343120	11.48056602	8
1441	418610	11.17275429	9
1441	93354	10.78355217	10
1441	37558	10.64511681	11
1441	447509	10.61188507	12
1441	30345	10.52247620	13
1441	345129	10.51979256	14
1441	324867	10.50254631	15
1441	173262	10.43745232	16
1441	189680	10.43563843	17
1441	303501	10.36612320	18
1441	403739	10.31480122	19
1441	574357	10.30894756	20
1451	108461	12.01059246	1
1451	133586	11.76113319	2
1451	457702	11.68086624	3
1451	69680	11.61148262	4
1451	112259	11.56032562	5
1451	57716	11.46356773	6
1451	447576	11.43799877	7
1451	538005	11.34652519	8
1451	592714	11.09145546	9
1451	286525	11.04916477	10
1451	580642	10.68817711	11
1451	59723	10.62749863	12
1451	145614	10.52316856	13
1451	262597	10.47659016	14
1451	491629	10.42947006	15
1451	408994	10.41091156	16
1451	90153	10.36811543	17
1451	200468	10.34231758	18
1451	74900	10.34025669	19
1451	511135	10.32294369	20
1469	444589	18.46342087	1
1469	8679	17.70788383	2
1469	289298	17.34516144	3
1469	70853	16.97404480	4
1469	118232	16.53965378	5
1469	325669	16.52820969	6
1469	380851	16.51148415	7
1469	416006	16.50276184	8
1469	145516	16.39583588	9
1469	505694	16.28641891	10
1469	451688	16.14443779	11
1469	341424	16.13012886	12
1469	347946	16.11876869	13
1469	113693	16.06294823	14
1469	288403	16.01421165	15
1469	472500	15.91921043	16
1469	414649	15.90119743	17
1469	187227	15.89788246	18
1469	4269	15.87343407	19
1469	203104	15.81353760	20
1530	219425	14.71998310	1
1530	313361	14.01124001	2
1530	28764	13.92728901	3
1530	218460	13.77625561	4
1530	588211	13.49735260	5
1530	309451	13.49420357	6
1530	313012	13.47542763	7
1530	428513	13.39120865	8
1530	397152	13.37644863	9
1530	65095	13.35595322	10
1530	390368	13.26985550	11
1530	574417	13.18850327	12
1530	290383	13.17574215	13
1530	253210	13.16842937	14
1530	61438	13.12464714	15
1530	362933	13.07975388	16
1530	425070	12.84449577	17
1530	435405	12.81143951	18
1530	254151	12.77475739	19
1530	557647	12.76065254	20
1670	493792	15.22578144	1
1670	393898	14.82711697	2
1670	26674	12.62692642	3
1670	243232	12.58565140	4
1670	195114	12.41198540	5
1670	344641	12.40924835	6
1670	216559	12.17280006	7
1670	38174	11.85011864	8
1670	396069	11.20390415	9
1670	295507	11.02853012	10
1670	469964	10.90603352	11
1670	575918	10.87822914	12
1670	591320	10.69929600	13
1670	194782	10.69065666	14
1670	290887	10.55914497	15
1670	327267	10.41054535	16
1670	500445	10.36259460	17
1670	353917	10.22265434	18
1670	432384	10.22024345	19
1670	319599	10.17986774	20
1676	586026	9.16051388	1
1676	234436	8.60240364	2
1676	68524	8.37835884	3
1676	394871	8.25749397	4
1676	232544	8.08258724	5
1676	487791	8.03573036	6
1676	277812	7.89593983	7
1676	77245	7.78142834	8
1676	296408	7.76764870	9
1676	382908	7.75789452	10
1676	466213	7.70678806	11
1676	32072	7.59831238	12
1676	489898	7.51128674	13
1676	141245	7.49452686	14
1676	194899	7.34419346	15
1676	408434	7.31258106	16
1676	279538	7.27182198	17
1676	373043	7.22955799	18
1676	139501	7.15777206	19
1676	466678	7.07452965	20
1736	399406	10.94458199	1
1736	562896	10.65741158	2
1736	437610	10.64932060	3
1736	321196	10.28436756	4
1736	368026	9.98415947	5
1736	528032	9.87757301	6
1736	329125	9.86906624	7
1736	517050	9.84642506	8
1736	278024	9.80626297	9
1736	261016	9.75292015	10
1736	277590	9.74358082	11
1736	59327	9.71578693	12
1736	241379	9.70151329	13
1736	108302	9.68559074	14
1736	113491	9.57684326	15
1736	263965	9.57593060	16
1736	89622	9.50986671	17
1736	463289	9.50020218	18
1736	42491	9.47023201	19
1736	574122	9.44270802	20
1748	547622	15.39202976	1
1748	66834	14.80092525	2
1748	18001	14.31045151	3
1748	190135	14.17741585	4
1748	279588	14.00361824	5
1748	521044	13.88733101	6
1748	521095	13.81709576	7
1748	413522	13.73490810	8
1748	66794	13.67090607	9
1748	258111	13.64639759	10
1748	595200	13.62020969	11
1748	478242	13.55953789	12
1748	538979	13.55550861	13
1748	294573	13.48856258	14
1748	54377	13.37218380	15
1748	502750	13.34095192	16
1748	430931	13.30620193	17
1748	140135	13.26847267	18
1748	466121	13.25450230	19
1748	279570	13.23511124	20
1783	179359	7.23882580	1
1783	421924	7.23488235	2
1783	156063	7.13887024	3
1783	14609	6.85082579	4
1783	549870	6.77854252	5
1783	445298	6.53969860	6
1783	588211	6.46926641	7
1783	383172	6.43161869	8
1783	159709	6.32951403	9
1783	423625	6.26134872	10
1783	585121	6.25149345	11
1783	417769	6.13875532	12
1783	419319	6.12242508	13
1783	65095	6.08731794	14
1783	110061	6.05835629	15
1783	223624	6.03884554	16
1783	569145	6.00678539	17
1783	257616	5.99153137	18
1783	270426	5.98785400	19
1783	137393	5.98625851	20
1812	75235	10.07245159	1
1812	86482	9.94639969	2
1812	337286	9.93156338	3
1812	110283	9.83758545	4
1812	447358	9.76171207	5
1812	432573	9.70575905	6
1812	194444	9.67926979	7
1812	159590	9.62008476	8
1812	544663	9.55784702	9
1812	150598	9.54246426	10
1812	181608	9.48345757	11
1812	434257	9.30380440	12
1812	60163	9.28461647	13
1812	89872	9.24993706	14
1812	53840	9.16981411	15
1812	349607	9.15479946	16
1812	513490	9.11869431	17
1812	99151	9.08976650	18
1812	516849	9.08913612	19
1812	573199	9.07893467	20
1815	446928	8.77644348	1
1815	280021	8.30904770	2
1815	106684	7.81459951	3
1815	546372	7.81349754	4
1815	220022	7.67989016	5
1815	327232	7.64682961	6
1815	590310	7.63352156	7
1815	194955	7.61010742	8
1815	406561	7.60300589	9
1815	134545	7.54401350	10
1815	104934	7.50784636	11
1815	176229	7.47844410	12
1815	59819	7.47837782	13
1815	521489	7.45532370	14
1815	334603	7.44153309	15
1815	144563	7.43698883	16
1815	321500	7.41857243	17
1815	540834	7.39775658	18
1815	357037	7.38776779	19
1815	110282	7.35492516	20
1819	176017	19.52264786	1
1819	250285	19.46079445	2
1819	547773	18.88185501	3
1819	43370	18.71455383	4
1819	212713	18.65851974	5
1819	56129	18.38684845	6
1819	224377	18.13949585	7
1819	499028	18.02492142	8
1819	303685	17.76402664	9
1819	12435	17.17265511	10
1819	492791	16.92062759	11
1819	220691	16.79859543	12
1819	250702	16.57563400	13
1819	93972	16.49105453	14
1819	132657	16.48938179	15
1819	461456	16.39739227	16
1819	399564	16.11326790	17
1819	567410	15.87189674	18
1819	449082	15.78428841	19
1819	66058	15.71662426	20
1824	205719	15.70619297	1
1824	131483	14.92981148	2
1824	244808	14.75095940	3
1824	463222	14.56847858	4
1824	226568	14.56191254	5
1824	43716	14.40875721	6
1824	535918	14.01270485	7
1824	582551	14.00792694	8
1824	319435	14.00561905	9
1824	364378	14.00094509	10
1824	43217	13.96316338	11
1824	88077	13.71156883	12
1824	344928	13.66966438	13
1824	334061	13.59124756	14
1824	551970	13.53738022	15
1824	496015	13.51033592	16
1824	338096	13.48200989	17
1824	468049	13.43630505	18
1824	231814	13.40524292	19
1824	415394	13.33206749	20
1826	401731	23.70465088	1
1826	181787	20.67243004	2
1826	583788	19.14106560	3
1826	8057	17.73270416	4
1826	489023	17.49375153	5
1826	300254	16.89897346	6
1826	217748	16.89377594	7
1826	118734	16.77656937	8
1826	181004	16.75906181	9
1826	521403	16.70969772	10
1826	578732	16.47024155	11
1826	510094	16.36819077	12
1826	410459	16.24021149	13
1826	520047	15.98194504	14
1826	422199	15.93067551	15
1826	526158	15.80278778	16
1826	587081	15.75866222	17
1826	481896	15.74414158	18
1826	232199	15.70868206	19
1826	140966	15.66660690	20
1832	209843	11.56575394	1
1832	145140	11.16240406	2
1832	590276	11.15000725	3
1832	253374	11.04454231	4
1832	411084	10.94086456	5
1832	133487	10.89365578	6
1832	245728	10.79432201	7
1832	359229	10.76701260	8
1832	235772	10.76586342	9
1832	338962	10.76238155	10
1832	488278	10.73200798	11
1832	410322	10.66722679	12
1832	474296	10.62943745	13
1832	185909	10.61485767	14
1832	141365	10.57005405	15
1832	3533	10.35204220	16
1832	157038	10.32240295	17
1832	47812	10.31546307	18
1832	404341	10.26227570	19
1832	599157	10.23681450	20
